code,theta,policy,N,M,p,attempted,accepted,acceptance,standard_error,wilson_low,wilson_high,source
BB56,0.01,strict-xz,1,3,0.001,20000,5456,0.2728,0.003149445665510043,0.2666712690370509,0.279015992146843,bicycle_chain_l4_paper/tmr_postselection/results/noisy_n_scaling/n1-theta-1e-2-strict-xz.json
BB56,0.01,strict-xz,2,3,0.001,20000,4965,0.24825,0.003054684414960079,0.24231165332736918,0.2542850368268794,bicycle_chain_l4_paper/tmr_postselection/results/noisy_n_scaling/n2-theta-1e-2-strict-xz.json
BB56,0.01,strict-xz,4,3,0.001,20000,4176,0.2088,0.002874043841001734,0.20322316178629726,0.21448868001277807,bicycle_chain_l4_paper/tmr_postselection/results/noisy_n_scaling/n4-theta-1e-2-strict-xz.json
BB56,0.01,strict-xz,8,3,0.001,10000,1567,0.1567,0.0036351768870303957,0.14970715926623746,0.16395649401506912,bicycle_chain_l4_paper/tmr_postselection/results/pilot_small_angles/n8-theta-1e-2-strict-xz.json
BB56,0.01,tmr-x,1,3,0.001,20000,7946,0.3973,0.0034601496354926616,0.39053857595991875,0.40410086824600516,bicycle_chain_l4_paper/tmr_postselection/results/noisy_n_scaling/n1-theta-1e-2-tmr-x.json
BB56,0.01,tmr-x,2,3,0.001,20000,7199,0.35995,0.00339400940997517,0.3533253428259241,0.36662844647339077,bicycle_chain_l4_paper/tmr_postselection/results/noisy_n_scaling/n2-theta-1e-2-tmr-x.json
BB56,0.01,tmr-x,4,3,0.001,20000,6040,0.302,0.0032465058139482823,0.29567548604752814,0.3084005602306893,bicycle_chain_l4_paper/tmr_postselection/results/noisy_n_scaling/n4-theta-1e-2-tmr-x.json
BB56,0.01,tmr-x,8,3,0.001,10000,2144,0.2144,0.004104054580533744,0.20646666758334598,0.22255267228598447,bicycle_chain_l4_paper/tmr_postselection/results/pilot_small_angles/n8-theta-1e-2-tmr-x.json
BB56,0.09817477042468103,strict-xz,1,3,0.001,20000,4064,0.2032,0.0028452571061329413,0.1976806390376437,0.20883335356525995,bicycle_chain_l4_paper/tmr_postselection/results/noisy_n_scaling/n1-theta-pi32-strict-xz.json
BB56,0.09817477042468103,strict-xz,2,3,0.001,20000,2746,0.1373,0.0024336054528209788,0.1325998218739464,0.1421394810811519,bicycle_chain_l4_paper/tmr_postselection/results/noisy_n_scaling/n2-theta-pi32-strict-xz.json
BB56,0.09817477042468103,strict-xz,4,3,0.001,20000,1324,0.0662,0.0017580893037613305,0.06283683745750634,0.06972977302477001,bicycle_chain_l4_paper/tmr_postselection/results/noisy_n_scaling/n4-theta-pi32-strict-xz.json
BB56,0.09817477042468103,strict-xz,8,3,0.001,30000,475,0.015833333333333335,0.0007207088845687254,0.01448148965129483,0.017309154894331463,bicycle_chain_l4_paper/tmr_postselection/results/pilot_small_angles/n8-theta-pi32-strict-xz.json
BB56,0.09817477042468103,tmr-x,1,3,0.001,20000,5842,0.2921,0.003215412803980229,0.2858383096756803,0.29844153891644803,bicycle_chain_l4_paper/tmr_postselection/results/noisy_n_scaling/n1-theta-pi32-tmr-x.json
BB56,0.09817477042468103,tmr-x,2,3,0.001,20000,4050,0.2025,0.0028415994615708954,0.19698793987384017,0.20812632157954208,bicycle_chain_l4_paper/tmr_postselection/results/noisy_n_scaling/n2-theta-pi32-tmr-x.json
BB56,0.09817477042468103,tmr-x,4,3,0.001,20000,1889,0.09445,0.0020679603175593093,0.0904743934397009,0.09858136700540557,bicycle_chain_l4_paper/tmr_postselection/results/noisy_n_scaling/n4-theta-pi32-tmr-x.json
BB56,0.09817477042468103,tmr-x,8,3,0.001,30000,665,0.022166666666666668,0.0008500059912642882,0.02056084727660366,0.02389484219407124,bicycle_chain_l4_paper/tmr_postselection/results/pilot_small_angles/n8-theta-pi32-tmr-x.json
BB64,0.01,strict-xz,1,3,0.001,20000,4517,0.22585,0.0029567023649667546,0.22010793383021776,0.23169735953934434,bb64_tmr_postselection/results/noisy_n_scaling_comparison/n1-theta-1e-2-strict-xz.json
BB64,0.01,strict-xz,2,3,0.001,20000,4257,0.21285,0.0028943468822862266,0.20723260419260311,0.21857768211441778,bb64_tmr_postselection/results/noisy_n_scaling_comparison/n2-theta-1e-2-strict-xz.json
BB64,0.01,strict-xz,4,3,0.001,20000,3652,0.1826,0.002731823932833154,0.1773068428980385,0.18801506159037673,bb64_tmr_postselection/results/noisy_n_scaling_comparison/n4-theta-1e-2-strict-xz.json
BB64,0.01,strict-xz,8,3,0.001,10000,973,0.0973,0.0029636583811228985,0.09164502945588462,0.10326424283185828,bb64_tmr_postselection/results/noisy_n_scaling_comparison/n8-theta-1e-2-strict-xz.json
BB64,0.01,tmr-x,1,3,0.001,20000,6994,0.3497,0.003372016533174178,0.34312040364435653,0.3563373223941086,bb64_tmr_postselection/results/noisy_n_scaling_comparison/n1-theta-1e-2-tmr-x.json
BB64,0.01,tmr-x,2,3,0.001,20000,6524,0.3262,0.003315068325087735,0.3197364995118661,0.33273025222123587,bb64_tmr_postselection/results/noisy_n_scaling_comparison/n2-theta-1e-2-tmr-x.json
BB64,0.01,tmr-x,4,3,0.001,20000,5444,0.2722,0.00314727787143112,0.2660756317267066,0.27841185990045464,bb64_tmr_postselection/results/noisy_n_scaling_comparison/n4-theta-1e-2-tmr-x.json
BB64,0.01,tmr-x,8,3,0.001,10000,1633,0.1633,0.0036963916188629147,0.15618473511471792,0.1706738493880957,bb64_tmr_postselection/results/noisy_n_scaling_comparison/n8-theta-1e-2-tmr-x.json
BB64,0.09817477042468103,strict-xz,1,3,0.001,20000,3387,0.16935,0.0026520801034282506,0.1642156265093775,0.17461136693452445,bb64_tmr_postselection/results/noisy_n_scaling_comparison/n1-theta-pi32-strict-xz.json
BB64,0.09817477042468103,strict-xz,2,3,0.001,20000,2404,0.1202,0.002299477766798366,0.11576588427588601,0.12477998631233107,bb64_tmr_postselection/results/noisy_n_scaling_comparison/n2-theta-pi32-strict-xz.json
BB64,0.09817477042468103,strict-xz,4,3,0.001,20000,1097,0.05485,0.0016099918866255198,0.05177910392574305,0.058091865775006905,bb64_tmr_postselection/results/noisy_n_scaling_comparison/n4-theta-pi32-strict-xz.json
BB64,0.09817477042468103,strict-xz,8,3,0.001,41000,401,0.009780487804878049,0.0004860199198762376,0.00887277074717926,0.010780057625742431,bb64_tmr_postselection/results/noisy_pi32_initial/full-single-n8-pi32-p1e-3-target400.json
BB64,0.09817477042468103,tmr-x,1,3,0.001,20000,5124,0.2562,0.0030867584939544587,0.2501972826736458,0.2622963541073108,bb64_tmr_postselection/results/noisy_n_scaling_comparison/n1-theta-pi32-tmr-x.json
BB64,0.09817477042468103,tmr-x,2,3,0.001,20000,3649,0.18245,0.002730952192001903,0.1771585796811646,0.18786338241806738,bb64_tmr_postselection/results/noisy_n_scaling_comparison/n2-theta-pi32-tmr-x.json
BB64,0.09817477042468103,tmr-x,4,3,0.001,20000,1644,0.0822,0.0019422044176656585,0.078473101961614,0.08608736336686701,bb64_tmr_postselection/results/noisy_n_scaling_comparison/n4-theta-pi32-tmr-x.json
BB64,0.09817477042468103,tmr-x,8,3,0.001,10000,174,0.0174,0.001307564147566,0.015016338259740749,0.0201542969676363,bb64_tmr_postselection/results/noisy_n_scaling_comparison/n8-theta-pi32-tmr-x.json
