file,theta,theta_star,attempted,accepted,acceptance,standard_error,wilson_low,wilson_high,ideal_acceptance,candidate_yield
theta-1e-3.json,0.001,-0.15840803052472624,1000000,512838,0.512838,0.0004998351585833073,0.5118582936549239,0.5138176077121583,0.9274121997643171,2.051352
theta-1p778e-3.json,0.0017782794100389228,-0.19172855194180424,1000000,495279,0.495279,0.00049997771166223,0.49429908170954984,0.49625895456136515,0.8954349721023933,1.981116
theta-3p162e-3.json,0.0031622776601683794,-0.23195308284915386,1000000,470671,0.470671,0.0004991390685560488,0.46969281994061246,0.4716494053908135,0.8506454743335204,1.882684
theta-5p623e-3.json,0.005623413251903491,-0.2804321236232896,1000000,436532,0.436532,0.0004959554546287398,0.4355601908162364,0.4375042968013073,0.7892500750386324,1.746128
theta-1e-2.json,0.01,-0.33872006507924884,1000000,391746,0.391746,0.0004881404218910784,0.39078967995263353,0.39270315175073794,0.7076880063725774,1.566984
theta-1p778e-2.json,0.01778279410038923,-0.40856063721878777,1000000,334486,0.334486,0.0004718104659754804,0.3335619058495041,0.3354113657760415,0.6041267409719604,1.337944
theta-3p162e-2.json,0.03162277660168379,-0.49183381094738277,1000000,266169,0.266169,0.0004419536892469617,0.2653036861329697,0.26703611036444425,0.4808806830794579,1.064676
theta-5p623e-2.json,0.05623413251903491,-0.5904430557255317,1000000,192183,0.192183,0.00039401610945619976,0.1914119256559383,0.19295643926763661,0.3470587285978625,0.768732
theta-1e-1.json,0.1,-0.70612958353794,1000000,121674,0.121674,0.00032690891349732265,0.12103472320392562,0.12231618343240826,0.21914882585021264,0.486696
theta-1p778e-1.json,0.1778279410038923,-0.8402518035594488,1000000,64578,0.064578,0.0002457797426884486,0.06409795122678523,0.06506139407172919,0.11627318846849809,0.258312
theta-3p162e-1.json,0.31622776601683794,-0.993754828483931,1000000,27937,0.027937,0.00016479236642211314,0.02761582183023779,0.02826180497698053,0.0501461756189275,0.111748
theta-5p623e-1.json,0.5623413251903491,-1.1681570313900407,1000000,9949,0.009949,9.9247253861253e-05,0.009756352725099234,0.010145412281910727,0.01777977041861462,0.039796
theta-1e0.json,1.0,-1.3706192727007962,1000000,3441,0.003441,5.855902593964486e-05,0.0033281182922455096,0.003557696715000388,0.006116222451285437,0.013764
