angle_label,theta,threshold,policy,keep_probability_per_attempt,reset_probability_per_attempt,immediate_success_probability_per_attempt,correction_probability_given_kept,expected_initial_attempts,expected_resets,expected_bad_logicals_given_kept,expected_nonempty_batches_given_kept,expected_nonempty_batches_given_correction,expected_m3_stages,expected_m1_stages,expected_total_tmr_stages,expected_physical_cnots,expected_cnot_layers,expected_physical_rotations,expected_syndrome_cycles,residual_correction_angle,final_angle_error,mc_shots,mc_seed,mc_kept_shots,mc_keep_probability,mc_keep_probability_se,mc_expected_bad_logicals_given_kept,mc_expected_bad_logicals_given_kept_se,mc_expected_nonempty_batches_given_kept,mc_expected_nonempty_batches_given_kept_se,mc_correction_probability_given_kept,mc_correction_probability_given_kept_se
pi/128,0.02454369260617026,0,zero-syndrome STAR post-selection,0.28854323466489795,0.711456765335102,0.28854323466489795,0.0,3.465685137831626,2.465685137831626,0.0,0.0,0.0,3.465685137831626,0.0,3.465685137831626,2938.900996881219,83.17644330795902,83.17644330795902,6.931370275663252,0.4779389592490131,2.7755575615628914e-17,1000000,20260904,288277,0.288277,0.0004529606729849734,0.0,0.0,0.0,0.0,0.0,0.0
pi/128,0.02454369260617026,1,repair at most one alternative logical,0.6765365289196884,0.3234634710803116,0.28854323466489795,0.5734994012434902,1.4781167863867257,0.4781167863867257,0.5734994012434901,0.5734994012434901,0.9999999999999998,1.4781167863867257,0.5734994012434902,2.051616187630216,1555.1037199100192,48.0917897006382,36.04830227452491,3.529732974016942,0.4779389592490131,2.7755575615628914e-17,1000000,20260905,676795,0.676795,0.0004677002544098089,0.572993299300379,0.0006012621517847914,0.572993299300379,0.0006012621517847914,0.572993299300379,0.0006012617075864936
pi/128,0.02454369260617026,2,repair at most two alternative logicals,0.9047890592403606,0.09521094075963943,0.28854323466489795,0.6810933645604069,1.1052299867988857,0.10522998679888573,0.9333649056335358,0.8252485308879092,1.2116525777938583,1.1052299867988857,0.6810933645604069,1.7863233513592927,1299.021940139253,43.527746032087244,27.458884588806793,2.8915533381581784,0.4779389592490131,2.7755575615628914e-17,1000000,20260906,904941,0.904941,0.00029329641409161486,0.9327016899444274,0.0007914918977814214,0.8246935435569833,0.0006914836661837369,0.680632218012003,0.0004901078626950896
pi/128,0.02454369260617026,3,repair at most three alternative logicals,0.9815197190875402,0.01848028091245979,0.28854323466489795,0.706024006391701,1.018828231927566,0.018828231927566108,1.0949248533047804,0.9059172439115352,1.283125270118554,1.018828231927566,0.706024006391701,1.7248522383192673,1240.779579893394,42.78291103215669,25.54680241956637,2.7436804702468334,0.4779389592490131,2.7755575615628914e-17,1000000,20260907,981568,0.981568,0.00013450747702637206,1.0948268484710177,0.0009197684590778333,0.9061124649540327,0.0007031968580588747,0.7059633158375171,0.00045986634760104947
pi/128,0.02454369260617026,8,fully adaptive all-syndrome recovery,0.9999999999999999,1.1102230246251565e-16,0.28854323466489795,0.711456765335102,1.0000000000000002,2.220446049250313e-16,1.1511705896504156,0.9256755896566478,1.301098864694395,1.0000000000000002,0.711456765335102,1.7114567653351023,1228.3822521066784,42.65111237787389,25.151170589650423,2.7114567653351025,0.4779389592490131,2.7755575615628914e-17,1000000,20260908,1000000,1.0,0.0,1.151441,0.000993003328078315,0.926064,0.0007049694779818237,0.711808,0.0004529209325434187
pi/64,0.04908738521234052,0,zero-syndrome STAR post-selection,0.14351764273671622,0.8564823572632838,0.14351764273671622,0.0,6.967784454448605,5.967784454448605,0.0,0.0,0.0,6.967784454448605,0.0,6.967784454448605,5908.681217372417,167.22682690676652,167.22682690676652,13.93556890889721,0.6147666715509761,5.551115123125783e-17,1000000,20261004,143348,0.143348,0.00035042738319942976,0.0,0.0,0.0,0.0,0.0,0.0
pi/64,0.04908738521234052,1,repair at most one alternative logical,0.4588407512978099,0.5411592487021901,0.14351764273671622,0.6872168779020104,2.179405375768273,1.179405375768273,0.6872168779020102,0.6872168779020102,0.9999999999999999,2.179405375768273,0.6872168779020104,2.8666222536702834,2209.6118364279528,67.42450033228278,52.992945896340565,5.046027629438556,0.6147666715509761,5.551115123125783e-17,1000000,20261005,458910,0.45891,0.0004983087515787778,0.6872131790547166,0.000684394759318149,0.6872131790547166,0.000684394759318149,0.6872131790547166,0.000684394013643472
pi/64,0.04908738521234052,2,repair at most two alternative logicals,0.7619396535810451,0.2380603464189549,0.14351764273671622,0.8116417198367392,1.3124398963882422,0.3124398963882422,1.209440811744738,1.03895548664131,1.2800666368533824,1.3124398963882422,0.8116417198367392,2.1240816162249816,1545.441764058066,52.53706808499007,32.70799832506255,3.436521512613224,0.6147666715509761,5.551115123125783e-17,1000000,20261006,761873,0.761873,0.00042593723935692684,1.2091175300870356,0.0008441785524475202,1.0386429234268704,0.0007377792053736569,0.8112244429189642,0.00044833444117092563
pi/64,0.04908738521234052,3,repair at most three alternative logicals,0.9284245648555703,0.07157543514442966,0.14351764273671622,0.8454180897733543,1.0770934310161906,0.0770934310161906,1.530523534965055,1.18567268579801,1.4024690270300149,1.0770934310161906,0.8454180897733543,1.922511520789545,1367.656620955198,49.213004663747554,27.380765879353632,2.9996049518057353,0.6147666715509761,5.551115123125783e-17,1000000,20261007,928425,0.928425,0.00025778289193621837,1.530664297062229,0.000994213465718617,1.185586342461696,0.0007047632090374521,0.8450020195492366,0.00037559385656120035
pi/64,0.04908738521234052,8,fully adaptive all-syndrome recovery,1.0,0.0,0.14351764273671622,0.8564823572632836,1.0,0.0,1.7237078853854937,1.2423255508156124,1.4504975383091525,1.0,0.8564823572632836,1.8564823572632836,1310.6508773141982,48.244416569524844,25.723707885385494,2.8564823572632836,0.6147666715509761,5.551115123125783e-17,1000000,20261008,1000000,1.0,0.0,1.723625,0.0011619015489232336,1.242523,0.0006862070134814022,0.856413,0.00035067046272961176
pi/32,0.09817477042468103,0,zero-syndrome STAR post-selection,0.04970614963189015,0.9502938503681099,0.04970614963189015,0.0,20.118235015299323,19.118235015299323,0.0,0.0,0.0,20.118235015299323,0.0,20.118235015299323,17060.263292973825,482.8376403671838,482.8376403671838,40.236470030598646,0.8003227534992162,0.0,1000000,20261104,49597,0.049597,0.00021711088777626975,0.0,0.0,0.0,0.0,0.0,0.0
pi/32,0.09817477042468103,1,repair at most one alternative logical,0.23075077261860133,0.7692492273813987,0.04970614963189015,0.7845894552472532,4.3336799641094155,3.3336799641094155,0.7845894552472532,0.7845894552472532,1.0,4.3336799641094155,0.7845894552472532,5.118269419356668,4087.6546630248395,121.26928715406555,104.79290859387324,9.451949383466085,0.8003227534992162,0.0,1000000,20261105,230862,0.230862,0.0004213843102869399,0.7866041184777053,0.0008526991664043543,0.7866041184777053,0.0008526991664043543,0.7866041184777053,0.0008526973196298964
pi/32,0.09817477042468103,2,repair at most two alternative logicals,0.5192463741261261,0.48075362587387394,0.04970614963189015,0.90427251472763,1.9258680461331403,0.9258680461331403,1.4598769751209315,1.2217607778095168,1.3510979908280363,1.9258680461331403,0.90427251472763,2.8301405608607704,2116.561908313143,70.55966411434964,47.6807100823163,4.756008606993911,0.8003227534992162,0.0,1000000,20261106,518598,0.518598,0.000499653994676316,1.4601541078060463,0.0009207160081272898,1.2220988125677308,0.0008377710008544971,0.9043941550102391,0.0004083247236330809
pi/32,0.09817477042468103,3,repair at most three alternative logicals,0.7819431319471366,0.2180568680528634,0.04970614963189015,0.9364325260992887,1.2788653792634184,0.27886537926341837,1.9772871405811119,1.4352197947111762,1.532646244881718,1.2788653792634184,0.9364325260992887,2.215297905362707,1591.6133149463503,58.27730643707281,32.67005624290315,3.4941632846261257,0.8003227534992162,0.0,1000000,20261107,781991,0.781991,0.0004128935406603014,1.9762912872398788,0.0010256329028944353,1.4351111457804502,0.0006912379537036102,0.9360734330702015,0.00027662713155972014
pi/32,0.09817477042468103,8,fully adaptive all-syndrome recovery,0.9999999999999998,2.220446049250313e-16,0.04970614963189015,0.9502938503681096,1.0000000000000002,2.220446049250313e-16,2.5028036134704035,1.554102479792093,1.6353914941047858,1.0000000000000002,0.9502938503681096,1.95029385036811,1369.589701977058,53.35978552003419,26.502803613470412,2.95029385036811,0.8003227534992162,0.0,1000000,20261108,1000000,1.0,0.0,2.502841,0.0013116842795561166,1.553712,0.0005882681081916366,0.950528,0.0002168513804798115
pi/16,0.19634954084936207,0,zero-syndrome STAR post-selection,0.010436416874836828,0.9895635831251631,0.010436416874836828,0.0,95.81832653801833,94.81832653801833,0.0,0.0,0.0,95.81832653801833,0.0,95.81832653801833,81253.94090423954,2299.63983691244,2299.63983691244,191.63665307603665,1.0616176184434711,1.1102230246251565e-16,1000000,20261204,10338,0.010338,0.00010114902745948673,0.0,0.0,0.0,0.0,0.0,0.0
pi/16,0.19634954084936207,1,repair at most one alternative logical,0.07462535199483311,0.9253746480051669,0.010436416874836828,0.8601491772452958,13.400271801320786,12.400271801320786,0.8601491772452957,0.8601491772452957,0.9999999999999999,13.400271801320786,0.8601491772452958,14.260420978566081,11815.868954751053,340.5298051310954,322.4666724089442,27.66069277988687,1.0616176184434711,1.1102230246251565e-16,1000000,20261205,74568,0.074568,0.00026269300214508954,0.8609323034009226,0.0012671391144173732,0.8609323034009226,0.0012671391144173732,0.8609323034009226,0.0012671306178547545
pi/16,0.19634954084936207,2,repair at most two alternative logicals,0.24734708259912022,0.7526529174008798,0.010436416874836828,0.9578065899740114,4.042901939622703,3.042901939622703,1.6561036096490738,1.3568334583597612,1.4166048475366795,4.042901939622703,0.9578065899740114,5.000708529596714,3941.963269401833,123.68776768777361,98.68575016059395,9.043610469219416,1.0616176184434711,1.1102230246251565e-16,1000000,20261206,247582,0.247582,0.00043160763811128276,1.6579153573361554,0.0011160238722504711,1.3582611013724746,0.0011247613555429754,0.9583491530078924,0.0004015265497049625
pi/16,0.19634954084936207,3,repair at most three alternative logicals,0.5129273122060706,0.4870726877939294,0.010436416874836828,0.9796532244891576,1.9495939798936774,0.9495939798936774,2.351937704313075,1.6158804652969712,1.6494412766717281,1.9495939798936774,0.9796532244891576,2.9292472043828353,2187.7652737486706,77.24980782751912,49.14219322176133,4.878841184276513,1.0616176184434711,1.1102230246251565e-16,1000000,20261207,513232,0.513232,0.000499824883510215,2.354582333135892,0.0010787999780554058,1.6178258565327182,0.0007332624928492328,0.9800830813355363,0.00019502292133657468
pi/16,0.19634954084936207,8,fully adaptive all-syndrome recovery,0.9999999999999997,3.3306690738754696e-16,0.010436416874836828,0.9895635831251632,1.0000000000000004,4.440892098500626e-16,3.4771840581498137,1.7956824346774192,1.8146205714305228,1.0000000000000004,0.9895635831251632,1.9895635831251637,1403.3371313741811,57.05606275048518,27.477184058149824,2.989563583125164,1.0616176184434711,1.1102230246251565e-16,1000000,20261208,1000000,1.0,0.0,3.48006,0.0014037928504713106,1.795636,0.00042821669616391523,0.989615,0.00010137628803127473
pi/8,0.39269908169872414,0,zero-syndrome STAR post-selection,0.0011979457383315848,0.9988020542616685,0.0011979457383315848,0.0,834.7623502486266,833.7623502486266,0.0,0.0,0.0,834.7623502486266,0.0,834.7623502486266,707878.4730108354,20034.296405967038,20034.296405967038,1669.5247004972532,1.449456999511468,0.0,1000000,20261304,1182,0.001182,3.435990215352774e-05,0.0,0.0,0.0,0.0,0.0,0.0
pi/8,0.39269908169872414,1,repair at most one alternative logical,0.01383327656545841,0.9861667234345416,0.0011979457383315848,0.9134011575158667,72.2894532808657,71.2894532808657,0.9134011575158666,0.9134011575158666,0.9999999999999999,72.2894532808657,0.9134011575158667,73.20285443838156,61781.90539102746,1755.0417042061258,1735.8602798982927,145.49230771924726,1.449456999511468,0.0,1000000,20261305,13799,0.013799,0.00011665585111343537,0.9168055656206971,0.002351135651362897,0.9168055656206971,0.002351135651362897,0.9168055656206971,0.0023510504575717153
pi/8,0.39269908169872414,2,repair at most two alternative logicals,0.07213939699401443,0.9278606030059856,0.0011979457383315848,0.9833940150840053,13.862050996669298,12.862050996669298,1.7916364298825909,1.44524682354034,1.4696518398242249,13.862050996669298,0.9833940150840053,14.845445011753304,12283.599890916932,360.78983157029995,334.4808603499458,28.707496008422602,1.449456999511468,0.0,1000000,20261306,72023,0.072023,0.0002585259899333141,1.7915526984435528,0.0016580025144841744,1.4446912791747082,0.001971480334027231,0.9835052691501326,0.00047459740426969947
pi/8,0.39269908169872414,3,repair at most three alternative logicals,0.22588532581361853,0.7741146741863815,0.0011979457383315848,0.9946966641856139,4.427025068574466,3.4270250685744656,2.6140934831254596,1.7255985375581946,1.7347987579419408,4.427025068574466,0.9946966641856139,5.42172173276008,4299.999258977938,138.3645544850868,108.86269512891263,9.848746801334546,1.449456999511468,0.0,1000000,20261307,226129,0.226129,0.0004183236490553695,2.613640886396703,0.001299513532018436,1.7257936841360462,0.0009635013239411733,0.9945473601351441,0.0001548595563008475
pi/8,0.39269908169872414,8,fully adaptive all-syndrome recovery,0.9999999999999998,2.220446049250313e-16,0.0011979457383315848,0.9988020542616686,1.0000000000000002,2.220446049250313e-16,4.54939990172141,1.9307772945246555,1.9330930350878373,1.0000000000000002,0.9988020542616686,1.998802054261669,1423.0782504060742,59.02129855743853,28.549399901721415,2.998802054261669,1.449456999511468,0.0,1000000,20261308,1000000,1.0,0.0,4.549936,0.001399707953498284,1.930957,0.0002582404515933374,0.998794,3.4706563701986405e-05
