file,theta,theta_over_pi,logical_count,partition_count,attempted,accepted,acceptance,acceptance_se,logical_0_infidelity,logical_0_se,logical_1_infidelity,logical_1_se,all_cancel_any_infidelity,all_cancel_samples
pi128-n1-m3.json,0.02454369260617026,0.0078125,1,3,20000000,10636191,0.53180955,0.0001115769135011355,1.1470777442283655e-05,1.4686741306251321e-06,,,1.1470777442283655e-05,5317861
pi128-n2-m3.json,0.02454369260617026,0.0078125,2,3,30000000,13727618,0.45758726666666666,9.095807826524545e-05,1.2092992489668868e-05,1.3273703456767817e-06,1.4716225279473503e-05,1.4643083705936007e-06,2.4481730508607952e-05,3431130
pi64-n1-m3.json,0.04908738521234052,0.015625,1,3,15000000,7311563,0.48743753333333334,0.00012905869063627572,3.03705868254036e-05,2.882604757906603e-06,,,3.03705868254036e-05,3654852
pi64-n2-m3.json,0.04908738521234052,0.015625,2,3,25000000,9610025,0.384401,9.729067194731466e-05,2.8927278694351667e-05,2.4535442674823e-06,2.997435943336804e-05,2.497825849907493e-06,5.58087542278255e-05,2401057
pi32-n1-m3.json,0.09817477042468103,0.03125,1,3,10000000,4271175,0.4271175,0.00015642510706205382,7.208475669522283e-05,5.808545864992475e-06,,,7.208475669522283e-05,2136374
pi32-n2-m3.json,0.09817477042468103,0.03125,2,3,20000000,5900192,0.2950096,0.00010197522638068523,7.726346366685621e-05,5.11670020383831e-06,7.42568466338422e-05,5.017626380324239e-06,0.00013898691421253064,1474959
pi16-n1-m3.json,0.19634954084936207,0.0625,1,3,8000000,2811225,0.351403125,0.0001687894282605676,0.00018656065464276128,1.152468055889156e-05,,,0.00018656065464276128,1404369
pi16-n2-m3.json,0.19634954084936207,0.0625,2,3,12000000,2397408,0.199784,0.00011542326214993809,0.000211822356098399,1.328950896800212e-05,0.0001959590737389825,1.2781707967035316e-05,0.0003982742559853622,600089
pi8-n1-m3.json,0.39269908169872414,0.125,1,3,5000000,1341163,0.2682326,0.00019813322401719506,0.0005391608506494573,2.836923599165032e-05,,,0.0005391608506494573,669559
pi8-n2-m3.json,0.39269908169872414,0.125,2,3,8000000,930952,0.116369,0.00011337286703561394,0.000603000409868606,3.596114142550191e-05,0.000599156027531112,3.58597854621201e-05,0.0011890351216078158,232962
pi4-n1-m1.json,0.7853981633974483,0.25,1,1,2000000,1049147,0.5245735,0.00035312614112930664,0.0004887501877979808,3.0479947801285634e-05,,,0.0004887501877979808,525831
pi4-n2-m1.json,0.7853981633974483,0.25,2,1,3000000,1592401,0.5308003333333333,0.00028812690460198006,0.0004828694233284879,2.4603362285280102e-05,0.0005216582447142821,2.5600516128836246e-05,0.0009835802320446426,398544
pi2-n1-m1.json,1.5707963267948966,0.5,1,1,2000000,1049153,0.5245765,0.00035312603674024804,0.00046648718017067717,2.9795820611826472e-05,,,0.00046648718017067717,525202
pi2-n2-m1.json,1.5707963267948966,0.5,2,1,3000000,1592453,0.5308176666666666,0.0002881262867917598,0.000509931736970679,2.53010338107502e-05,0.0004932649874738306,2.48757897258181e-05,0.0009809135792558101,398608
