rounds,measurement_probability,shots,class_accuracy,alternative_mask_accuracy,ambiguous_fraction,mean_posterior_probability,mean_likelihood_gap,minimum_likelihood_gap,decode_seconds,histories_per_second,seed
1,0.001,1000,1.0,1.0,0.0,0.9999999895313278,27.075396579508297,11.928070603172078,2.5875656559946947,386.46362370874283,20260904
3,0.001,1000,1.0,1.0,0.0,1.0,81.8674346245217,57.13947718331346,2.96212043997366,337.5959959308381,20261904
5,0.001,1000,1.0,1.0,0.0,1.0,136.4986731781938,110.50807645837685,3.244651447981596,308.1995141949904,20262904
7,0.001,1000,1.0,1.0,0.0,1.0,191.55878509333934,175.80474633661234,3.7220875269849785,268.6664385912588,20263904
1,0.01,1000,1.0,1.0,0.001,0.9991035033386253,16.500508498179226,0.0,2.9712527969968505,336.5583706006891,20264904
3,0.01,1000,1.0,1.0,0.0,1.0,51.306346398628335,34.87551984695169,2.906448152032681,344.0625628572217,20265904
5,0.01,1000,1.0,1.0,0.0,1.0,85.97599959067462,62.446238947759234,2.8812836579745635,347.06752916613675,20266904
7,0.01,1000,1.0,1.0,0.0,1.0,121.00074455843773,97.32175879471092,3.3143891469808295,301.7147219755194,20267904
1,0.03,1000,0.993,0.995,0.005,0.9929540184287883,10.857108057597655,0.0,2.8899644770426676,346.02501447468,20268904
3,0.03,1000,1.0,1.0,0.0,0.999999999850142,35.201863763998965,15.789833713466123,2.9085421780473553,343.8148525222173,20269904
5,0.03,1000,1.0,1.0,0.0,1.0,59.53303092525997,34.76098689835275,2.91752150002867,342.75668576569984,20270904
7,0.03,1000,1.0,1.0,0.0,1.0,84.65297770989514,53.732140083239344,2.2469887689803727,445.04005262731016,20271904
