file,theta,theta_star,attempted,accepted,acceptance,standard_error,wilson_low,wilson_high,ideal_acceptance,candidate_yield
theta-1e-3.json,0.001,-0.15840803052472624,1000000,601928,0.601928,0.0004895004420999025,0.6009682069752061,0.6028870099233729,0.9630224295229666,1.203856
theta-1p778e-3.json,0.0017782794100389228,-0.19172855194180424,1000000,591344,0.591344,0.0004915854693377338,0.5903801610786102,0.5923071371356566,0.9462742583957323,1.182688
theta-3p162e-3.json,0.0031622776601683794,-0.23195308284915386,1000000,576009,0.576009,0.0004941888626011315,0.5750401174598079,0.5769772985715484,0.9223044369043881,1.152018
theta-5p623e-3.json,0.005623413251903491,-0.2804321236232896,1000000,555508,0.555508,0.0004969093095686576,0.5545338642660831,0.5564817092721628,0.8883974758173463,1.111016
theta-1e-2.json,0.01,-0.33872006507924884,1000000,526164,0.526164,0.0004993149758459083,0.5251852619973929,0.527142536987522,0.8412419428277322,1.052328
theta-1p778e-2.json,0.01778279410038923,-0.40856063721878777,1000000,486140,0.48614,0.0004998078634835591,0.4851604497109017,0.4871196567739278,0.7772559044304266,0.97228
theta-3p162e-2.json,0.03162277660168379,-0.49183381094738277,1000000,434094,0.434094,0.0004956373665937628,0.43312282361915677,0.43506568272926827,0.6934556100281098,0.868188
theta-5p623e-2.json,0.05623413251903491,-0.5904430557255317,1000000,368755,0.368755,0.00048246735638279197,0.3678098872099689,0.36970112113068354,0.5891169057138511,0.73751
theta-1e-1.json,0.1,-0.70612958353794,1000000,292546,0.292546,0.000454931684853891,0.2916551485616795,0.29343844528419416,0.46813334195527306,0.585092
theta-1p778e-1.json,0.1778279410038923,-0.8402518035594488,1000000,213064,0.213064,0.0004094725044542063,0.2122625516717518,0.21386765282543613,0.34098854594912437,0.426128
theta-3p162e-1.json,0.31622776601683794,-0.993754828483931,1000000,140282,0.140282,0.00034727936949378375,0.13960272668447082,0.14096403698868076,0.22393341782531587,0.280564
theta-5p623e-1.json,0.5623413251903491,-1.1681570313900407,1000000,83480,0.08348,0.0002766063802590244,0.08293946017524581,0.08402373990131723,0.13334080552709518,0.16696
theta-1e0.json,1.0,-1.3706192727007962,1000000,48888,0.048888,0.0002156338643534452,0.048467095572572776,0.04931237027045638,0.0782062814055587,0.097776
