presentation,N,theta,angle_label,p,M,policy,shots,accepted,acceptance,wilson_low,wilson_high,standard_error,ideal_acceptance,noise_survival,noise_survival_over_zero_angle,resources_per_attempt,attempts_per_block,cnots_per_resource,cnot_layers_per_resource,qubit_cnot_layers_per_resource,physical_cnots,cnot_depth,qubits,peak_active_width,sampling_seconds
original,1,0.001,0p001,0.001,3,strict-xz,1000000,167430,0.16743,0.16669950698406696,0.1681630481140378,0.0003733593377699291,0.9813370621366374,0.1706141614945831,0.9947709563502231,0.16743,5.972645284596548,6916.323239562803,155.28877739951025,19876.963507137312,1158,26,128,3,0.40446539300319273
original,1,0.001,0p001,0.001,3,tmr-x,1000000,272213,0.272213,0.27134149834005233,0.2730862517219857,0.0004450989582452423,0.9813370621366374,0.2773899106666962,0.9970881044812948,0.272213,3.673593840117849,4254.021666856469,95.51343984306408,12225.720299912202,1158,26,128,3,0.40446539300319273
original,1,0.02454369260617026,pi128,0.001,3,strict-xz,1000000,147532,0.147532,0.14683828127455847,0.1482284266976542,0.00035463545927614176,0.8561036762936981,0.17232959521760904,1.0047728438269794,0.147532,6.778190494265651,7849.144592359624,176.2329528509069,22557.817964916085,1158,26,128,3,0.4143892959691584
original,1,0.02454369260617026,pi128,0.001,3,tmr-x,1000000,238909,0.238909,0.2380742419343816,0.23974576399856268,0.0004264170373226192,0.8561036762936981,0.27906549944312936,1.003111069170127,0.238909,4.185694134586809,4847.033807851525,108.82804749925704,13929.990079904901,1158,26,128,3,0.4143892959691584
original,1,0.09817477042468103,pi32,0.001,3,strict-xz,1000000,118431,0.118431,0.1177991660891116,0.11906576546282847,0.0003231177776585498,0.6871495483161996,0.172351128353653,1.004898393418807,0.118431,8.443735170690108,9777.845327659144,219.5371144379428,28100.750648056677,1158,26,128,3,0.41708380200725514
original,1,0.09817477042468103,pi32,0.001,3,tmr-x,1000000,191779,0.191779,0.19100854645519472,0.19255182157226702,0.0003937001589522158,0.6871495483161996,0.2790935400742645,1.0032118622367523,0.191779,5.214335250470594,6038.200220044948,135.57271651223544,17353.307713566137,1158,26,128,3,0.41708380200725514
original,1,0.0,zero,0.001,3,strict-xz,1000000,171511,0.171511,0.170773444237131,0.1722510795071073,0.0003769548737965859,1.0,0.171511,1.0,0.171511,5.830529820244766,6751.753531843438,151.5937753263639,19404.00324177458,1158,26,128,0,0.3613570889865514
original,1,0.0,zero,0.001,3,tmr-x,1000000,278200,0.2782,0.27732256906008407,0.2790791350045028,0.0004481124412466139,1.0,0.2782,1.0,0.2782,3.5945363048166787,4162.473040977714,93.45794392523365,11962.616822429907,1158,26,128,0,0.3613570889865514
original,4,0.001,0p001,0.001,3,strict-xz,1000000,160180,0.16018,0.15946244390065523,0.16090016689838843,0.0003667729101228715,0.9274121997643171,0.17271715860618014,0.9969589631166456,0.64072,6.242976651267325,1835.4351354725934,40.57934823323761,5194.156573854414,1176,26,128,12,3.3247168219968444
original,4,0.001,0p001,0.001,3,tmr-x,1000000,259084,0.259084,0.2582262040523779,0.25994364687829835,0.0004381318077291353,0.9274121997643171,0.27936229442079896,0.9979042412039298,1.036336,3.8597520495283386,1134.7671025613315,25.0883883219342,3211.3137052075776,1176,26,128,12,3.3247168219968444
original,4,0.02454369260617026,pi128,0.001,3,strict-xz,1000000,92868,0.092868,0.09230068852987852,0.09343843941973079,0.00029024736790537824,0.5371622051716761,0.1728863257799747,0.9979354308372855,0.371472,10.767971744842141,3165.7836929835894,69.99181634147392,8958.952491708662,1176,26,128,12,3.3640497639862588
original,4,0.02454369260617026,pi128,0.001,3,tmr-x,1000000,150085,0.150085,0.14938633384816355,0.15078635450963576,0.00035715471825946806,0.5371622051716761,0.27940349964129196,0.99805142951499,0.60034,6.6628910284172305,1958.8899623546658,43.308791684712,5543.525335643136,1176,26,128,12,3.3640497639862588
original,4,0.09817477042468103,pi32,0.001,3,strict-xz,1000000,38579,0.038579,0.038203300881062205,0.03895824416486067,0.00019258935785499676,0.22294876010395345,0.17303976026604465,0.9988210862485548,0.154316,25.92083776147645,7620.726301874076,168.4854454495969,21566.137017548404,1176,26,128,12,3.442222120022052
original,4,0.09817477042468103,pi32,0.001,3,tmr-x,1000000,62292,0.062292,0.0618199851870773,0.0627673776745194,0.00024168513966729523,0.22294876010395345,0.27940052221396233,0.998040793908756,0.249168,16.05342580106595,4719.707185513388,104.34726770692866,13356.450266486869,1176,26,128,12,3.442222120022052
original,4,0.0,zero,0.001,3,strict-xz,1000000,173244,0.173244,0.17250349137592164,0.17398701905387154,0.0003784580775515301,1.0,0.173244,1.0,0.692976,5.77220567523262,1697.0284685183901,37.519336889012024,4802.475121793539,1176,26,128,0,0.37503999401815236
original,4,0.0,zero,0.001,3,tmr-x,1000000,279949,0.279949,0.27906987393574934,0.2808298166914661,0.00044897389389473414,1.0,0.279949,1.0,1.119796,3.5720792001400254,1050.1912848411675,23.218514800910164,2971.969894516501,1176,26,128,0,0.37503999401815236
preferred,1,0.001,0p001,0.001,3,strict-xz,1000000,175680,0.17568,0.1749353864998304,0.1764271052144473,0.00038054768111236726,0.9813370621366374,0.17902105889845524,0.9982939484765554,0.17568,5.692167577413479,4952.185792349726,147.99635701275045,16575.59198542805,870,26,112,3,0.32624577394744847
preferred,1,0.001,0p001,0.001,3,tmr-x,1000000,292544,0.292544,0.29165315035689343,0.29343644350434617,0.0004549307728259323,0.9813370621366374,0.2981075629234386,0.997809503629774,0.292544,3.41828921461387,2973.911616714067,88.87551957996061,9954.058192955588,870,26,112,3,0.32624577394744847
preferred,1,0.02454369260617026,pi128,0.001,3,strict-xz,1000000,153872,0.153872,0.1531661237605758,0.1545805355021262,0.0003608260073996884,0.8561036762936981,0.1797352403229397,1.002276513424859,0.153872,6.4989081834251845,5654.050119579911,168.9716127690548,18924.820630134138,870,26,112,3,0.32301748398458585
preferred,1,0.02454369260617026,pi128,0.001,3,tmr-x,1000000,255809,0.255809,0.25495477754144413,0.25666509855069075,0.0004363149728338463,0.8561036762936981,0.29880609917184986,1.0001476063617523,0.255809,3.9091666047715288,3400.9749461512297,101.63833172405974,11383.49315309469,870,26,112,3,0.32301748398458585
preferred,1,0.09817477042468103,pi32,0.001,3,strict-xz,1000000,123020,0.12302,0.1223776776627106,0.12366521863245586,0.0003284601644035392,0.6871495483161996,0.17902944170079113,0.9983406943783766,0.12302,8.128759551292472,7072.020809624451,211.34774833360427,23670.94781336368,870,26,112,3,0.31137575100001413
preferred,1,0.09817477042468103,pi32,0.001,3,tmr-x,1000000,204708,0.204708,0.20391831293831286,0.20549995575708824,0.0004034880849988014,0.6871495483161996,0.2979089493715294,0.997144715096061,0.204708,4.88500693670985,4249.95603493757,127.0101803544561,14225.140199699084,870,26,112,3,0.31137575100001413
preferred,1,0.0,zero,0.001,3,strict-xz,1000000,179327,0.179327,0.17857633934536984,0.1800801243494148,0.000383625894682567,1.0,0.179327,1.0,0.179327,5.576405114678772,4851.472449770531,144.98653298164805,16238.491693944583,870,26,112,0,0.305662425031187
preferred,1,0.0,zero,0.001,3,tmr-x,1000000,298762,0.298762,0.29786566899238415,0.29965987709665703,0.0004577152688691956,1.0,0.298762,1.0,0.298762,3.3471458887007044,2912.016923169613,87.02579310621832,9746.888827896451,870,26,112,0,0.305662425031187
preferred,4,0.001,0p001,0.001,3,strict-xz,1000000,168133,0.168133,0.1674012792902922,0.1688672704067422,0.00037398435035573347,0.9274121997643171,0.1812926334619359,0.9994962811600576,0.672532,5.947672378414707,1320.383268008065,38.6598704596956,4329.905491485907,888,26,112,12,3.1436249680118635
preferred,4,0.001,0p001,0.001,3,tmr-x,1000000,278065,0.278065,0.2771877005928382,0.2789440045089386,0.0004480455956428988,0.9274121997643171,0.29982892188679916,1.0028058526599524,1.11226,3.5962814449858844,798.3744807868663,23.37582939240825,2618.0928919497237,888,26,112,12,3.1436249680118635
preferred,4,0.02454369260617026,pi128,0.001,3,strict-xz,1000000,96884,0.096884,0.0963057907415291,0.09746530635360147,0.0002957997473697366,0.5371622051716761,0.18036265222538514,0.9943691407477239,0.387536,10.321621733206722,2291.4000247718923,67.0905412658437,7514.140621774493,888,26,112,12,3.1585552770266077
preferred,4,0.02454369260617026,pi128,0.001,3,tmr-x,1000000,160378,0.160378,0.15966008378258717,0.16109852549524462,0.0003669562604943537,0.5371622051716761,0.29856530942779835,0.9985795826877099,0.641512,6.235269176570353,1384.2297571986182,40.529249647707296,4539.275960543217,888,26,112,12,3.1585552770266077
preferred,4,0.09817477042468103,pi32,0.001,3,strict-xz,1000000,40512,0.040512,0.04012734170992691,0.0409001884849732,0.00019715673423953848,0.22294876010395345,0.18170991388833302,1.00179681718527,0.162048,24.684044233807267,5479.857819905214,160.44628751974724,17969.98420221169,888,26,112,12,3.1537496959936107
preferred,4,0.09817477042468103,pi32,0.001,3,tmr-x,1000000,66855,0.066855,0.0663671204133582,0.06734620739121995,0.0002497707128047642,0.22294876010395345,0.2998671083383813,1.002933570816353,0.26742,14.95774437214868,3320.619250617007,97.22533841896642,10889.23790292424,888,26,112,12,3.1537496959936107
preferred,4,0.0,zero,0.001,3,strict-xz,1000000,181384,0.181384,0.1806299796928276,0.18214046819825616,0.00038533601511408193,1.0,0.181384,1.0,0.725536,5.513165439068496,1223.9227274732061,35.835575353945224,4013.584439641865,888,26,112,0,0.29995650800992735
preferred,4,0.0,zero,0.001,3,tmr-x,1000000,298990,0.29899,0.2980934717799419,0.29988807255740074,0.00045781544305538663,1.0,0.29899,1.0,1.19596,3.3445934646643702,742.4997491554902,21.739857520318406,2434.8640422756616,888,26,112,0,0.29995650800992735
