candidate_id,m,r,s,t,polynomial,n,k,rank_h,check_weight,qubit_degree,tanner_girth,num_four_cycles,distance_upper_bound,decoder_distance_upper_bound,distance_trials,ilp_distance_upper_bound,certified_distance,total_seconds
w8-m13-r4-s2-t6,13,4,2,6,1 + y^4 + x y^2 + x y^8,104,8,48,8,4,4,312,10,13,200,10,10,0.460539
w8-m13-r4-s1-t6,13,4,1,6,1 + y^4 + x y^1 + x y^7,104,8,48,8,4,4,312,10,13,200,10,10,0.489422
w8-m13-r2-s5-t3,13,2,5,3,1 + y^2 + x y^5 + x y^8,104,8,48,8,4,4,312,10,13,200,10,10,0.510498
w8-m13-r2-s1-t3,13,2,1,3,1 + y^2 + x y^1 + x y^4,104,8,48,8,4,4,312,10,13,200,10,10,0.512089
w8-m13-r1-s4-t5,13,1,4,5,1 + y^1 + x y^4 + x y^9,104,8,48,8,4,4,312,10,13,200,10,10,0.483718
w8-m13-r1-s2-t5,13,1,2,5,1 + y^1 + x y^2 + x y^7,104,8,48,8,4,4,312,10,10,200,10,10,0.499286
w8-m11-r4-s2-t5,11,4,2,5,1 + y^4 + x y^2 + x y^7,88,8,40,8,4,4,264,8,11,200,8,8,0.413498
w8-m11-r4-s1-t6,11,4,1,6,1 + y^4 + x y^1 + x y^7,88,8,40,8,4,4,264,8,11,200,8,8,0.389986
w8-m11-r4-s0-t5,11,4,0,5,1 + y^4 + x + x y^5,88,8,40,8,4,4,264,8,11,200,8,8,0.366606
w8-m11-r2-s4-t3,11,2,4,3,1 + y^2 + x y^4 + x y^7,88,8,40,8,4,4,264,8,11,200,8,8,0.369396
w8-m11-r2-s3-t6,11,2,3,6,1 + y^2 + x y^3 + x y^9,88,8,40,8,4,4,264,8,11,200,8,8,0.198108
w8-m11-r2-s3-t5,11,2,3,5,1 + y^2 + x y^3 + x y^8,88,8,40,8,4,4,264,8,11,200,8,8,0.173449
w8-m11-r2-s3-t3,11,2,3,3,1 + y^2 + x y^3 + x y^6,88,8,40,8,4,4,264,8,11,200,8,8,0.175327
w8-m11-r2-s1-t5,11,2,1,5,1 + y^2 + x y^1 + x y^6,88,8,40,8,4,4,264,8,11,200,8,8,0.187019
w8-m11-r2-s1-t3,11,2,1,3,1 + y^2 + x y^1 + x y^4,88,8,40,8,4,4,264,8,11,200,8,8,0.177771
w8-m11-r1-s4-t3,11,1,4,3,1 + y^1 + x y^4 + x y^7,88,8,40,8,4,4,264,8,11,200,8,8,0.385883
w8-m11-r1-s3-t4,11,1,3,4,1 + y^1 + x y^3 + x y^7,88,8,40,8,4,4,264,8,9,200,8,8,0.388537
w8-m11-r1-s3-t3,11,1,3,3,1 + y^1 + x y^3 + x y^6,88,8,40,8,4,4,264,8,15,200,8,8,0.399465
w8-m11-r1-s2-t7,11,1,2,7,1 + y^1 + x y^2 + x y^9,88,8,40,8,4,4,264,8,11,200,8,8,0.503304
w8-m11-r1-s2-t3,11,1,2,3,1 + y^1 + x y^2 + x y^5,88,8,40,8,4,4,264,8,11,200,8,8,0.420647
w8-m13-r5-s2-t6,13,5,2,6,1 + y^5 + x y^2 + x y^8,104,8,48,8,4,4,312,8,13,200,8,8,0.523277
w8-m13-r5-s1-t7,13,5,1,7,1 + y^5 + x y^1 + x y^8,104,8,48,8,4,4,312,8,14,200,8,8,0.500389
w8-m13-r5-s1-t6,13,5,1,6,1 + y^5 + x y^1 + x y^7,104,8,48,8,4,4,312,8,13,200,8,8,0.502517
w8-m7-r2-s1-t3,7,2,1,3,1 + y^2 + x y^1 + x y^4,56,8,24,8,4,4,168,6,7,200,6,6,0.21361
w8-m7-r2-s0-t4,7,2,0,4,1 + y^2 + x + x y^4,56,8,24,8,4,4,168,6,7,200,6,6,0.208266
w8-m7-r2-s0-t3,7,2,0,3,1 + y^2 + x + x y^3,56,8,24,8,4,4,168,6,7,200,6,6,0.20772
w8-m7-r1-s2-t3,7,1,2,3,1 + y^1 + x y^2 + x y^5,56,8,24,8,4,4,168,6,9,200,6,6,0.156563
w8-m7-r1-s2-t2,7,1,2,2,1 + y^1 + x y^2 + x y^4,56,8,24,8,4,4,168,6,7,200,6,6,0.12116
w8-m7-r1-s0-t5,7,1,0,5,1 + y^1 + x + x y^5,56,8,24,8,4,4,168,6,7,200,6,6,0.163985
w8-m7-r1-s0-t4,7,1,0,4,1 + y^1 + x + x y^4,56,8,24,8,4,4,168,6,7,200,6,6,0.252684
w8-m7-r1-s0-t3,7,1,0,3,1 + y^1 + x + x y^3,56,8,24,8,4,4,168,6,6,200,6,6,0.255602
w8-m7-r1-s0-t2,7,1,0,2,1 + y^1 + x + x y^2,56,8,24,8,4,4,168,6,7,200,6,6,0.252047
w8-m11-r3-s4-t5,11,3,4,5,1 + y^3 + x y^4 + x y^9,88,8,40,8,4,4,264,6,11,200,6,6,0.402029
w8-m11-r3-s4-t4,11,3,4,4,1 + y^3 + x y^4 + x y^8,88,8,40,8,4,4,264,6,11,200,6,6,0.359049
w8-m11-r3-s1-t6,11,3,1,6,1 + y^3 + x y^1 + x y^7,88,8,40,8,4,4,264,6,11,200,6,6,0.394472
w8-m11-r3-s1-t4,11,3,1,4,1 + y^3 + x y^1 + x y^5,88,8,40,8,4,4,264,6,11,200,6,6,0.409996
w8-m11-r2-s3-t4,11,2,3,4,1 + y^2 + x y^3 + x y^7,88,8,40,8,4,4,264,6,11,200,6,6,0.167649
w8-m11-r1-s4-t2,11,1,4,2,1 + y^1 + x y^4 + x y^6,88,8,40,8,4,4,264,6,11,200,6,6,0.368054
w8-m11-r1-s3-t5,11,1,3,5,1 + y^1 + x y^3 + x y^8,88,8,40,8,4,4,264,6,11,200,6,6,0.354975
w8-m11-r1-s2-t5,11,1,2,5,1 + y^1 + x y^2 + x y^7,88,8,40,8,4,4,264,6,11,200,6,6,0.466978
w8-m11-r1-s2-t2,11,1,2,2,1 + y^1 + x y^2 + x y^4,88,8,40,8,4,4,264,6,11,200,6,6,0.486488
w8-m7-r2-s3-t3,7,2,3,3,1 + y^2 + x y^3 + x y^6,56,8,24,8,4,4,168,4,6,200,4,4,0.211431
w8-m7-r1-s2-t4,7,1,2,4,1 + y^1 + x y^2 + x y^6,56,8,24,8,4,4,168,4,7,200,4,4,0.195291
w8-m13-r4-s0-t7,13,4,0,7,1 + y^4 + x + x y^7,104,8,48,8,4,4,312,13,13,200,,,0.501637
w8-m13-r3-s1-t8,13,3,1,8,1 + y^3 + x y^1 + x y^9,104,8,48,8,4,4,312,13,13,200,,,0.47028
w8-m13-r3-s0-t7,13,3,0,7,1 + y^3 + x + x y^7,104,8,48,8,4,4,312,13,13,200,,,0.464114
w8-m13-r3-s0-t5,13,3,0,5,1 + y^3 + x + x y^5,104,8,48,8,4,4,312,13,13,200,,,0.430455
w8-m13-r3-s0-t4,13,3,0,4,1 + y^3 + x + x y^4,104,8,48,8,4,4,312,13,13,200,,,0.526035
w8-m13-r2-s0-t3,13,2,0,3,1 + y^2 + x + x y^3,104,8,48,8,4,4,312,13,13,200,,,0.48129
w8-m13-r1-s4-t2,13,1,4,2,1 + y^1 + x y^4 + x y^6,104,8,48,8,4,4,312,13,13,200,,,0.46889
w8-m13-r1-s0-t8,13,1,0,8,1 + y^1 + x + x y^8,104,8,48,8,4,4,312,13,13,200,,,0.483257
w8-m13-r1-s0-t6,13,1,0,6,1 + y^1 + x + x y^6,104,8,48,8,4,4,312,13,13,200,,,0.457246
w8-m13-r1-s0-t5,13,1,0,5,1 + y^1 + x + x y^5,104,8,48,8,4,4,312,13,13,200,,,0.496205
w8-m13-r1-s0-t10,13,1,0,10,1 + y^1 + x + x y^10,104,8,48,8,4,4,312,13,13,200,,,0.531531
w8-m13-r5-s0-t6,13,5,0,6,1 + y^5 + x + x y^6,104,8,48,8,4,4,312,12,12,200,,,0.422902
w8-m13-r4-s0-t8,13,4,0,8,1 + y^4 + x + x y^8,104,8,48,8,4,4,312,12,12,200,,,0.436499
w8-m13-r3-s0-t8,13,3,0,8,1 + y^3 + x + x y^8,104,8,48,8,4,4,312,12,12,200,,,0.42139
w8-m13-r2-s0-t9,13,2,0,9,1 + y^2 + x + x y^9,104,8,48,8,4,4,312,12,12,200,,,0.452169
w8-m13-r2-s0-t6,13,2,0,6,1 + y^2 + x + x y^6,104,8,48,8,4,4,312,12,12,200,,,0.461467
w8-m13-r1-s0-t2,13,1,0,2,1 + y^1 + x + x y^2,104,8,48,8,4,4,312,12,12,200,,,0.406498
w8-m11-r3-s0-t4,11,3,0,4,1 + y^3 + x + x y^4,88,8,40,8,4,4,264,11,11,200,,,0.363092
w8-m11-r2-s4-t5,11,2,4,5,1 + y^2 + x y^4 + x y^9,88,8,40,8,4,4,264,11,11,200,,,0.380701
w8-m11-r2-s0-t7,11,2,0,7,1 + y^2 + x + x y^7,88,8,40,8,4,4,264,11,11,200,,,0.179979
w8-m11-r2-s0-t4,11,2,0,4,1 + y^2 + x + x y^4,88,8,40,8,4,4,264,11,11,200,,,0.338345
w8-m11-r1-s4-t4,11,1,4,4,1 + y^1 + x y^4 + x y^8,88,8,40,8,4,4,264,11,11,200,,,0.393179
w8-m11-r1-s2-t6,11,1,2,6,1 + y^1 + x y^2 + x y^8,88,8,40,8,4,4,264,11,11,200,,,0.391874
w8-m11-r1-s0-t7,11,1,0,7,1 + y^1 + x + x y^7,88,8,40,8,4,4,264,11,11,200,,,0.391876
w8-m11-r1-s0-t6,11,1,0,6,1 + y^1 + x + x y^6,88,8,40,8,4,4,264,11,11,200,,,0.33824
w8-m11-r1-s0-t5,11,1,0,5,1 + y^1 + x + x y^5,88,8,40,8,4,4,264,11,11,200,,,0.384654
w8-m11-r1-s0-t4,11,1,0,4,1 + y^1 + x + x y^4,88,8,40,8,4,4,264,11,11,200,,,0.353267
w8-m11-r1-s0-t3,11,1,0,3,1 + y^1 + x + x y^3,88,8,40,8,4,4,264,11,11,200,,,0.351631
w8-m11-r1-s0-t2,11,1,0,2,1 + y^1 + x + x y^2,88,8,40,8,4,4,264,11,11,200,,,0.335517
w8-m11-r1-s0-t8,11,1,0,8,1 + y^1 + x + x y^8,88,8,40,8,4,4,264,10,10,200,,,0.388434
w8-m11-r4-s1-t5,11,4,1,5,1 + y^4 + x y^1 + x y^6,88,8,40,8,4,4,264,8,8,200,,,0.39964
w8-m11-r4-s0-t6,11,4,0,6,1 + y^4 + x + x y^6,88,8,40,8,4,4,264,8,8,200,,,0.399327
w8-m11-r3-s0-t7,11,3,0,7,1 + y^3 + x + x y^7,88,8,40,8,4,4,264,8,8,200,,,0.354153
w8-m11-r3-s0-t6,11,3,0,6,1 + y^3 + x + x y^6,88,8,40,8,4,4,264,8,8,200,,,0.341522
w8-m11-r3-s0-t5,11,3,0,5,1 + y^3 + x + x y^5,88,8,40,8,4,4,264,8,8,200,,,0.370626
w8-m11-r2-s5-t3,11,2,5,3,1 + y^2 + x y^5 + x y^8,88,8,40,8,4,4,264,8,8,200,,,0.382507
w8-m11-r2-s1-t4,11,2,1,4,1 + y^2 + x y^1 + x y^5,88,8,40,8,4,4,264,8,8,200,,,0.175095
w8-m11-r2-s0-t8,11,2,0,8,1 + y^2 + x + x y^8,88,8,40,8,4,4,264,8,8,200,,,0.161206
w8-m11-r2-s0-t6,11,2,0,6,1 + y^2 + x + x y^6,88,8,40,8,4,4,264,8,8,200,,,0.202306
w8-m11-r2-s0-t5,11,2,0,5,1 + y^2 + x + x y^5,88,8,40,8,4,4,264,8,8,200,,,0.349867
w8-m11-r2-s0-t3,11,2,0,3,1 + y^2 + x + x y^3,88,8,40,8,4,4,264,8,8,200,,,0.390359
w8-m11-r1-s3-t6,11,1,3,6,1 + y^1 + x y^3 + x y^9,88,8,40,8,4,4,264,8,8,200,,,0.340735
w8-m11-r1-s3-t2,11,1,3,2,1 + y^1 + x y^3 + x y^5,88,8,40,8,4,4,264,8,8,200,,,0.383642
w8-m11-r1-s2-t4,11,1,2,4,1 + y^1 + x y^2 + x y^6,88,8,40,8,4,4,264,8,8,200,,,0.512101
w8-m11-r1-s0-t9,11,1,0,9,1 + y^1 + x + x y^9,88,8,40,8,4,4,264,8,8,200,,,0.371123
w8-m13-r5-s2-t7,13,5,2,7,1 + y^5 + x y^2 + x y^9,104,8,48,8,4,4,312,8,13,200,8,,0.526072
w8-m13-r5-s0-t7,13,5,0,7,1 + y^5 + x + x y^7,104,8,48,8,4,4,312,8,8,200,,,0.512181
w8-m13-r4-s5-t6,13,4,5,6,1 + y^4 + x y^5 + x y^11,104,8,48,8,4,4,312,8,13,200,8,,0.530686
w8-m13-r4-s1-t7,13,4,1,7,1 + y^4 + x y^1 + x y^8,104,8,48,8,4,4,312,8,16,200,8,,0.51529
w8-m13-r4-s1-t5,13,4,1,5,1 + y^4 + x y^1 + x y^6,104,8,48,8,4,4,312,8,8,200,,,0.467751
w8-m13-r4-s0-t6,13,4,0,6,1 + y^4 + x + x y^6,104,8,48,8,4,4,312,8,8,200,,,0.474521
w8-m13-r4-s0-t5,13,4,0,5,1 + y^4 + x + x y^5,104,8,48,8,4,4,312,8,8,200,,,0.45817
w8-m13-r3-s5-t4,13,3,5,4,1 + y^3 + x y^5 + x y^9,104,8,48,8,4,4,312,8,13,200,8,,0.485061
w8-m13-r3-s4-t6,13,3,4,6,1 + y^3 + x y^4 + x y^10,104,8,48,8,4,4,312,8,8,200,,,0.453499
w8-m13-r3-s4-t4,13,3,4,4,1 + y^3 + x y^4 + x y^8,104,8,48,8,4,4,312,8,13,200,8,,0.478835
w8-m13-r3-s1-t9,13,3,1,9,1 + y^3 + x y^1 + x y^10,104,8,48,8,4,4,312,8,13,200,8,,0.503191
w8-m13-r3-s1-t4,13,3,1,4,1 + y^3 + x y^1 + x y^5,104,8,48,8,4,4,312,8,13,200,8,,0.501054
w8-m13-r3-s0-t9,13,3,0,9,1 + y^3 + x + x y^9,104,8,48,8,4,4,312,8,8,200,,,0.463917
w8-m13-r3-s0-t6,13,3,0,6,1 + y^3 + x + x y^6,104,8,48,8,4,4,312,8,8,200,,,0.457174
w8-m13-r2-s4-t6,13,2,4,6,1 + y^2 + x y^4 + x y^10,104,8,48,8,4,4,312,8,13,200,8,,0.489895
w8-m13-r2-s4-t5,13,2,4,5,1 + y^2 + x y^4 + x y^9,104,8,48,8,4,4,312,8,13,200,8,,0.498204
w8-m13-r2-s4-t3,13,2,4,3,1 + y^2 + x y^4 + x y^7,104,8,48,8,4,4,312,8,13,200,8,,0.527029
w8-m13-r2-s3-t8,13,2,3,8,1 + y^2 + x y^3 + x y^11,104,8,48,8,4,4,312,8,13,200,8,,0.503154
w8-m13-r2-s3-t7,13,2,3,7,1 + y^2 + x y^3 + x y^10,104,8,48,8,4,4,312,8,13,200,8,,0.482613
w8-m13-r2-s3-t6,13,2,3,6,1 + y^2 + x y^3 + x y^9,104,8,48,8,4,4,312,8,13,200,8,,0.485555
w8-m13-r2-s3-t5,13,2,3,5,1 + y^2 + x y^3 + x y^8,104,8,48,8,4,4,312,8,13,200,8,,0.501075
w8-m13-r2-s3-t3,13,2,3,3,1 + y^2 + x y^3 + x y^6,104,8,48,8,4,4,312,8,13,200,8,,0.473349
w8-m13-r2-s1-t6,13,2,1,6,1 + y^2 + x y^1 + x y^7,104,8,48,8,4,4,312,8,8,200,,,0.503006
w8-m13-r2-s1-t5,13,2,1,5,1 + y^2 + x y^1 + x y^6,104,8,48,8,4,4,312,8,16,200,8,,0.483918
w8-m13-r2-s0-t8,13,2,0,8,1 + y^2 + x + x y^8,104,8,48,8,4,4,312,8,8,200,,,0.506701
w8-m13-r2-s0-t7,13,2,0,7,1 + y^2 + x + x y^7,104,8,48,8,4,4,312,8,8,200,,,0.500238
w8-m13-r2-s0-t5,13,2,0,5,1 + y^2 + x + x y^5,104,8,48,8,4,4,312,8,8,200,,,0.449486
w8-m13-r2-s0-t4,13,2,0,4,1 + y^2 + x + x y^4,104,8,48,8,4,4,312,8,8,200,,,0.397649
w8-m13-r2-s0-t10,13,2,0,10,1 + y^2 + x + x y^10,104,8,48,8,4,4,312,8,8,200,,,0.465385
w8-m13-r1-s5-t3,13,1,5,3,1 + y^1 + x y^5 + x y^8,104,8,48,8,4,4,312,8,18,200,8,,0.48922
w8-m13-r1-s4-t4,13,1,4,4,1 + y^1 + x y^4 + x y^8,104,8,48,8,4,4,312,8,13,200,8,,0.471549
w8-m13-r1-s4-t3,13,1,4,3,1 + y^1 + x y^4 + x y^7,104,8,48,8,4,4,312,8,8,200,,,0.497825
w8-m13-r1-s3-t5,13,1,3,5,1 + y^1 + x y^3 + x y^8,104,8,48,8,4,4,312,8,13,200,8,,0.502092
w8-m13-r1-s3-t4,13,1,3,4,1 + y^1 + x y^3 + x y^7,104,8,48,8,4,4,312,8,13,200,8,,0.475822
w8-m13-r1-s3-t3,13,1,3,3,1 + y^1 + x y^3 + x y^6,104,8,48,8,4,4,312,8,13,200,8,,0.488561
w8-m13-r1-s2-t9,13,1,2,9,1 + y^1 + x y^2 + x y^11,104,8,48,8,4,4,312,8,21,200,8,,0.508193
w8-m13-r1-s2-t8,13,1,2,8,1 + y^1 + x y^2 + x y^10,104,8,48,8,4,4,312,8,13,200,8,,0.552505
w8-m13-r1-s2-t4,13,1,2,4,1 + y^1 + x y^2 + x y^6,104,8,48,8,4,4,312,8,13,200,8,,0.507253
w8-m13-r1-s2-t3,13,1,2,3,1 + y^1 + x y^2 + x y^5,104,8,48,8,4,4,312,8,13,200,8,,0.476229
w8-m13-r1-s0-t9,13,1,0,9,1 + y^1 + x + x y^9,104,8,48,8,4,4,312,8,8,200,,,0.412187
w8-m13-r1-s0-t7,13,1,0,7,1 + y^1 + x + x y^7,104,8,48,8,4,4,312,8,8,200,,,0.423285
w8-m13-r1-s0-t4,13,1,0,4,1 + y^1 + x + x y^4,104,8,48,8,4,4,312,8,8,200,,,0.512745
w8-m13-r1-s0-t3,13,1,0,3,1 + y^1 + x + x y^3,104,8,48,8,4,4,312,8,8,200,,,0.441695
w8-m13-r1-s0-t11,13,1,0,11,1 + y^1 + x + x y^11,104,8,48,8,4,4,312,8,8,200,,,0.462592
w8-m11-r3-s1-t7,11,3,1,7,1 + y^3 + x y^1 + x y^8,88,8,40,8,4,4,264,6,6,200,,,0.390474
w8-m11-r3-s1-t5,11,3,1,5,1 + y^3 + x y^1 + x y^6,88,8,40,8,4,4,264,6,6,200,,,0.373234
w8-m11-r2-s4-t4,11,2,4,4,1 + y^2 + x y^4 + x y^8,88,8,40,8,4,4,264,6,6,200,,,0.356645
w8-m13-r4-s5-t5,13,4,5,5,1 + y^4 + x y^5 + x y^10,104,8,48,8,4,4,312,6,13,200,6,,0.465429
w8-m13-r4-s2-t5,13,4,2,5,1 + y^4 + x y^2 + x y^7,104,8,48,8,4,4,312,6,12,200,6,,0.494491
w8-m13-r4-s1-t8,13,4,1,8,1 + y^4 + x y^1 + x y^9,104,8,48,8,4,4,312,6,13,200,6,,0.48547
w8-m13-r3-s5-t5,13,3,5,5,1 + y^3 + x y^5 + x y^10,104,8,48,8,4,4,312,6,13,200,6,,0.445661
w8-m13-r3-s4-t7,13,3,4,7,1 + y^3 + x y^4 + x y^11,104,8,48,8,4,4,312,6,6,200,,,0.487507
w8-m13-r3-s4-t5,13,3,4,5,1 + y^3 + x y^4 + x y^9,104,8,48,8,4,4,312,6,19,200,6,,0.467401
w8-m13-r3-s1-t7,13,3,1,7,1 + y^3 + x y^1 + x y^8,104,8,48,8,4,4,312,6,13,200,6,,0.457151
w8-m13-r3-s1-t6,13,3,1,6,1 + y^3 + x y^1 + x y^7,104,8,48,8,4,4,312,6,12,200,6,,0.45902
w8-m13-r3-s1-t5,13,3,1,5,1 + y^3 + x y^1 + x y^6,104,8,48,8,4,4,312,6,13,200,6,,0.445799
w8-m13-r2-s5-t4,13,2,5,4,1 + y^2 + x y^5 + x y^9,104,8,48,8,4,4,312,6,13,200,6,,0.435355
w8-m13-r2-s4-t4,13,2,4,4,1 + y^2 + x y^4 + x y^8,104,8,48,8,4,4,312,6,19,200,6,,0.43894
w8-m13-r2-s3-t4,13,2,3,4,1 + y^2 + x y^3 + x y^7,104,8,48,8,4,4,312,6,13,200,6,,0.469202
w8-m13-r2-s1-t4,13,2,1,4,1 + y^2 + x y^1 + x y^5,104,8,48,8,4,4,312,6,13,200,6,,0.472699
w8-m13-r1-s6-t2,13,1,6,2,1 + y^1 + x y^6 + x y^8,104,8,48,8,4,4,312,6,6,200,,,0.439576
w8-m13-r1-s5-t2,13,1,5,2,1 + y^1 + x y^5 + x y^7,104,8,48,8,4,4,312,6,13,200,6,,0.441225
w8-m13-r1-s3-t7,13,1,3,7,1 + y^1 + x y^3 + x y^10,104,8,48,8,4,4,312,6,10,200,6,,0.484689
w8-m13-r1-s3-t6,13,1,3,6,1 + y^1 + x y^3 + x y^9,104,8,48,8,4,4,312,6,6,200,,,0.471285
w8-m13-r1-s3-t2,13,1,3,2,1 + y^1 + x y^3 + x y^5,104,8,48,8,4,4,312,6,13,200,6,,0.443603
w8-m13-r1-s2-t7,13,1,2,7,1 + y^1 + x y^2 + x y^9,104,8,48,8,4,4,312,6,22,200,6,,0.432411
w8-m13-r1-s2-t6,13,1,2,6,1 + y^1 + x y^2 + x y^8,104,8,48,8,4,4,312,6,13,200,6,,0.460306
w8-m13-r1-s2-t2,13,1,2,2,1 + y^1 + x y^2 + x y^4,104,8,48,8,4,4,312,6,13,200,6,,0.448873
w8-m11-r2-s4-t2,11,2,4,2,1 + y^2 + x y^4 + x y^6,88,8,40,8,4,4,616,6,6,200,,,0.162331
w8-m7-r1-s3-t2,7,1,3,2,1 + y^1 + x y^3 + x y^5,56,8,24,8,4,4,168,4,4,200,,,0.214502
w8-m11-r4-s5-t5,11,4,5,5,1 + y^4 + x y^5 + x y^10,88,8,40,8,4,4,264,4,4,200,,,0.388564
w8-m11-r3-s5-t4,11,3,5,4,1 + y^3 + x y^5 + x y^9,88,8,40,8,4,4,264,4,4,200,,,0.341079
w8-m11-r3-s4-t6,11,3,4,6,1 + y^3 + x y^4 + x y^10,88,8,40,8,4,4,264,4,4,200,,,0.379385
w8-m11-r2-s3-t7,11,2,3,7,1 + y^2 + x y^3 + x y^10,88,8,40,8,4,4,264,4,4,200,,,0.336531
w8-m11-r1-s5-t2,11,1,5,2,1 + y^1 + x y^5 + x y^7,88,8,40,8,4,4,264,4,4,200,,,0.352041
w8-m11-r1-s2-t8,11,1,2,8,1 + y^1 + x y^2 + x y^10,88,8,40,8,4,4,264,4,4,200,,,0.403868
w8-m13-r5-s6-t6,13,5,6,6,1 + y^5 + x y^6 + x y^12,104,8,48,8,4,4,312,4,4,200,,,0.482031
w8-m13-r4-s6-t5,13,4,6,5,1 + y^4 + x y^6 + x y^11,104,8,48,8,4,4,312,4,4,200,,,0.450767
w8-m13-r4-s5-t7,13,4,5,7,1 + y^4 + x y^5 + x y^12,104,8,48,8,4,4,312,4,4,200,,,0.514746
w8-m13-r3-s6-t4,13,3,6,4,1 + y^3 + x y^6 + x y^10,104,8,48,8,4,4,312,4,4,200,,,0.495831
w8-m13-r3-s5-t6,13,3,5,6,1 + y^3 + x y^5 + x y^11,104,8,48,8,4,4,312,4,4,200,,,0.45914
w8-m13-r3-s4-t8,13,3,4,8,1 + y^3 + x y^4 + x y^12,104,8,48,8,4,4,312,4,4,200,,,0.467584
w8-m13-r2-s6-t3,13,2,6,3,1 + y^2 + x y^6 + x y^9,104,8,48,8,4,4,312,4,4,200,,,0.483994
w8-m13-r2-s5-t5,13,2,5,5,1 + y^2 + x y^5 + x y^10,104,8,48,8,4,4,312,4,4,200,,,0.501977
w8-m13-r2-s4-t7,13,2,4,7,1 + y^2 + x y^4 + x y^11,104,8,48,8,4,4,312,4,4,200,,,0.487383
w8-m13-r2-s3-t9,13,2,3,9,1 + y^2 + x y^3 + x y^12,104,8,48,8,4,4,312,4,4,200,,,0.448828
w8-m13-r1-s5-t4,13,1,5,4,1 + y^1 + x y^5 + x y^9,104,8,48,8,4,4,312,4,4,200,,,0.48281
w8-m13-r1-s4-t6,13,1,4,6,1 + y^1 + x y^4 + x y^10,104,8,48,8,4,4,312,4,4,200,,,0.443609
w8-m13-r1-s3-t8,13,1,3,8,1 + y^1 + x y^3 + x y^11,104,8,48,8,4,4,312,4,4,200,,,0.518935
w8-m13-r1-s2-t10,13,1,2,10,1 + y^1 + x y^2 + x y^12,104,8,48,8,4,4,312,4,4,200,,,0.514638
w8-m7-r3-s0-t4,7,3,0,4,1 + y^3 + x + x y^4,56,8,24,8,4,4,392,4,4,200,,,0.121277
w8-m11-r3-s0-t8,11,3,0,8,1 + y^3 + x + x y^8,88,8,40,8,4,4,616,4,4,200,,,0.196759
w8-m11-r2-s3-t2,11,2,3,2,1 + y^2 + x y^3 + x y^5,88,8,40,8,4,4,616,4,4,200,,,0.092816
w8-m11-r1-s5-t1,11,1,5,1,1 + y^1 + x y^5 + x y^6,88,8,40,8,4,4,616,4,4,200,,,0.193085
w8-m13-r5-s2-t5,13,5,2,5,1 + y^5 + x y^2 + x y^7,104,8,48,8,4,4,728,4,4,200,,,0.236406
w8-m13-r4-s2-t4,13,4,2,4,1 + y^4 + x y^2 + x y^6,104,8,48,8,4,4,728,4,4,200,,,0.244952
w8-m7-r3-s1-t4,7,3,1,4,1 + y^3 + x y^1 + x y^5,56,8,24,8,4,4,392,2,2,200,,,0.121438
w8-m7-r3-s1-t3,7,3,1,3,1 + y^3 + x y^1 + x y^4,56,8,24,8,4,4,392,2,2,200,,,0.123766
w8-m7-r2-s3-t2,7,2,3,2,1 + y^2 + x y^3 + x y^5,56,8,24,8,4,4,392,2,2,200,,,0.122703
w8-m7-r2-s1-t2,7,2,1,2,1 + y^2 + x y^1 + x y^3,56,8,24,8,4,4,392,2,2,200,,,0.11702
w8-m7-r2-s0-t5,7,2,0,5,1 + y^2 + x + x y^5,56,8,24,8,4,4,392,2,2,200,,,0.129412
w8-m7-r1-s3-t1,7,1,3,1,1 + y^1 + x y^3 + x y^4,56,8,24,8,4,4,392,2,2,200,,,0.107228
w8-m7-r1-s2-t1,7,1,2,1,1 + y^1 + x y^2 + x y^3,56,8,24,8,4,4,392,2,2,200,,,0.055184
w8-m7-r1-s0-t6,7,1,0,6,1 + y^1 + x + x y^6,56,8,24,8,4,4,392,2,2,200,,,0.054356
w8-m11-r5-s2-t6,11,5,2,6,1 + y^5 + x y^2 + x y^8,88,8,40,8,4,4,616,2,2,200,,,0.197254
w8-m11-r5-s2-t5,11,5,2,5,1 + y^5 + x y^2 + x y^7,88,8,40,8,4,4,616,2,2,200,,,0.20266
w8-m11-r5-s1-t6,11,5,1,6,1 + y^5 + x y^1 + x y^7,88,8,40,8,4,4,616,2,2,200,,,0.2
w8-m11-r5-s1-t5,11,5,1,5,1 + y^5 + x y^1 + x y^6,88,8,40,8,4,4,616,2,2,200,,,0.198842
w8-m11-r5-s0-t6,11,5,0,6,1 + y^5 + x + x y^6,88,8,40,8,4,4,616,2,2,200,,,0.19524
w8-m11-r4-s5-t4,11,4,5,4,1 + y^4 + x y^5 + x y^9,88,8,40,8,4,4,616,2,2,200,,,0.203631
w8-m11-r4-s2-t4,11,4,2,4,1 + y^4 + x y^2 + x y^6,88,8,40,8,4,4,616,2,2,200,,,0.195026
w8-m11-r4-s1-t7,11,4,1,7,1 + y^4 + x y^1 + x y^8,88,8,40,8,4,4,616,2,2,200,,,0.19508
w8-m11-r4-s1-t4,11,4,1,4,1 + y^4 + x y^1 + x y^5,88,8,40,8,4,4,616,2,2,200,,,0.187938
w8-m11-r4-s0-t7,11,4,0,7,1 + y^4 + x + x y^7,88,8,40,8,4,4,616,2,2,200,,,0.198811
w8-m11-r3-s5-t3,11,3,5,3,1 + y^3 + x y^5 + x y^8,88,8,40,8,4,4,616,2,2,200,,,0.200401
w8-m11-r3-s4-t3,11,3,4,3,1 + y^3 + x y^4 + x y^7,88,8,40,8,4,4,616,2,2,200,,,0.192912
w8-m11-r3-s1-t8,11,3,1,8,1 + y^3 + x y^1 + x y^9,88,8,40,8,4,4,616,2,2,200,,,0.192943
w8-m11-r3-s1-t3,11,3,1,3,1 + y^3 + x y^1 + x y^4,88,8,40,8,4,4,616,2,2,200,,,0.198863
w8-m11-r2-s5-t2,11,2,5,2,1 + y^2 + x y^5 + x y^7,88,8,40,8,4,4,616,2,2,200,,,0.187996
w8-m11-r2-s1-t2,11,2,1,2,1 + y^2 + x y^1 + x y^3,88,8,40,8,4,4,616,2,2,200,,,0.092249
w8-m11-r2-s0-t9,11,2,0,9,1 + y^2 + x + x y^9,88,8,40,8,4,4,616,2,2,200,,,0.099505
w8-m11-r1-s4-t1,11,1,4,1,1 + y^1 + x y^4 + x y^5,88,8,40,8,4,4,616,2,2,200,,,0.190545
w8-m11-r1-s3-t1,11,1,3,1,1 + y^1 + x y^3 + x y^4,88,8,40,8,4,4,616,2,2,200,,,0.19825
w8-m11-r1-s2-t1,11,1,2,1,1 + y^1 + x y^2 + x y^3,88,8,40,8,4,4,616,2,2,200,,,0.1928
w8-m11-r1-s0-t10,11,1,0,10,1 + y^1 + x + x y^10,88,8,40,8,4,4,616,2,2,200,,,0.192939
w8-m13-r6-s3-t6,13,6,3,6,1 + y^6 + x y^3 + x y^9,104,8,48,8,4,4,728,2,2,200,,,0.244723
w8-m13-r6-s2-t7,13,6,2,7,1 + y^6 + x y^2 + x y^9,104,8,48,8,4,4,728,2,2,200,,,0.245627
w8-m13-r6-s2-t6,13,6,2,6,1 + y^6 + x y^2 + x y^8,104,8,48,8,4,4,728,2,2,200,,,0.243609
w8-m13-r6-s1-t7,13,6,1,7,1 + y^6 + x y^1 + x y^8,104,8,48,8,4,4,728,2,2,200,,,0.239135
w8-m13-r6-s1-t6,13,6,1,6,1 + y^6 + x y^1 + x y^7,104,8,48,8,4,4,728,2,2,200,,,0.244193
w8-m13-r6-s0-t7,13,6,0,7,1 + y^6 + x + x y^7,104,8,48,8,4,4,728,2,2,200,,,0.247149
w8-m13-r5-s6-t5,13,5,6,5,1 + y^5 + x y^6 + x y^11,104,8,48,8,4,4,728,2,2,200,,,0.254995
w8-m13-r5-s2-t8,13,5,2,8,1 + y^5 + x y^2 + x y^10,104,8,48,8,4,4,728,2,2,200,,,0.250817
w8-m13-r5-s1-t8,13,5,1,8,1 + y^5 + x y^1 + x y^9,104,8,48,8,4,4,728,2,2,200,,,0.247075
w8-m13-r5-s1-t5,13,5,1,5,1 + y^5 + x y^1 + x y^6,104,8,48,8,4,4,728,2,2,200,,,0.239791
w8-m13-r5-s0-t8,13,5,0,8,1 + y^5 + x + x y^8,104,8,48,8,4,4,728,2,2,200,,,0.249383
w8-m13-r4-s6-t4,13,4,6,4,1 + y^4 + x y^6 + x y^10,104,8,48,8,4,4,728,2,2,200,,,0.251746
w8-m13-r4-s5-t4,13,4,5,4,1 + y^4 + x y^5 + x y^9,104,8,48,8,4,4,728,2,2,200,,,0.254219
w8-m13-r4-s1-t9,13,4,1,9,1 + y^4 + x y^1 + x y^10,104,8,48,8,4,4,728,2,2,200,,,0.246464
w8-m13-r4-s1-t4,13,4,1,4,1 + y^4 + x y^1 + x y^5,104,8,48,8,4,4,728,2,2,200,,,0.238274
w8-m13-r4-s0-t9,13,4,0,9,1 + y^4 + x + x y^9,104,8,48,8,4,4,728,2,2,200,,,0.253611
w8-m13-r3-s6-t3,13,3,6,3,1 + y^3 + x y^6 + x y^9,104,8,48,8,4,4,728,2,2,200,,,0.245452
w8-m13-r3-s5-t3,13,3,5,3,1 + y^3 + x y^5 + x y^8,104,8,48,8,4,4,728,2,2,200,,,0.239331
w8-m13-r3-s4-t3,13,3,4,3,1 + y^3 + x y^4 + x y^7,104,8,48,8,4,4,728,2,2,200,,,0.237848
w8-m13-r3-s1-t3,13,3,1,3,1 + y^3 + x y^1 + x y^4,104,8,48,8,4,4,728,2,2,200,,,0.242858
w8-m13-r3-s1-t10,13,3,1,10,1 + y^3 + x y^1 + x y^11,104,8,48,8,4,4,728,2,2,200,,,0.246386
w8-m13-r3-s0-t10,13,3,0,10,1 + y^3 + x + x y^10,104,8,48,8,4,4,728,2,2,200,,,0.249104
w8-m13-r2-s6-t2,13,2,6,2,1 + y^2 + x y^6 + x y^8,104,8,48,8,4,4,728,2,2,200,,,0.23931
w8-m13-r2-s5-t2,13,2,5,2,1 + y^2 + x y^5 + x y^7,104,8,48,8,4,4,728,2,2,200,,,0.240545
w8-m13-r2-s4-t2,13,2,4,2,1 + y^2 + x y^4 + x y^6,104,8,48,8,4,4,728,2,2,200,,,0.243882
w8-m13-r2-s3-t2,13,2,3,2,1 + y^2 + x y^3 + x y^5,104,8,48,8,4,4,728,2,2,200,,,0.242992
w8-m13-r2-s1-t2,13,2,1,2,1 + y^2 + x y^1 + x y^3,104,8,48,8,4,4,728,2,2,200,,,0.238355
w8-m13-r2-s0-t11,13,2,0,11,1 + y^2 + x + x y^11,104,8,48,8,4,4,728,2,2,200,,,0.269141
w8-m13-r1-s6-t1,13,1,6,1,1 + y^1 + x y^6 + x y^7,104,8,48,8,4,4,728,2,2,200,,,0.240832
w8-m13-r1-s5-t1,13,1,5,1,1 + y^1 + x y^5 + x y^6,104,8,48,8,4,4,728,2,2,200,,,0.238122
w8-m13-r1-s4-t1,13,1,4,1,1 + y^1 + x y^4 + x y^5,104,8,48,8,4,4,728,2,2,200,,,0.242248
w8-m13-r1-s3-t1,13,1,3,1,1 + y^1 + x y^3 + x y^4,104,8,48,8,4,4,728,2,2,200,,,0.238414
w8-m13-r1-s2-t1,13,1,2,1,1 + y^1 + x y^2 + x y^3,104,8,48,8,4,4,728,2,2,200,,,0.245532
w8-m13-r1-s0-t12,13,1,0,12,1 + y^1 + x + x y^12,104,8,48,8,4,4,728,2,2,200,,,0.245992
