file,mode,protocol,N,M,theta_over_pi,p,attempted,accepted,acceptance,standard_error,ideal_acceptance,noise_survival_ratio,candidate_yield,peak_active_width,physical_cnots,cnot_layers,shots_per_second
ideal-n1-theta-pi128.json,ideal-projection,single-final-check,1,3,0.0078125,0.0,20000,17215,0.86075,0.0024480547124196383,0.8561036762936981,1.0054272909169333,0.86075,2,0,0,615987.8484105611
ideal-n1-theta-pi32.json,ideal-projection,single-final-check,1,3,0.03125,0.0,20000,13843,0.69215,0.0032640341412123737,0.6871495483161996,1.0072770937506306,0.69215,2,0,0,1551622.7635666735
ideal-n1-theta-pi8.json,ideal-projection,single-final-check,1,3,0.125,0.0,20000,8722,0.4361,0.0035065423853134874,0.4313250122848239,1.0110705096601793,0.4361,2,0,0,857120.4624231037
ideal-n2-theta-pi128.json,ideal-projection,single-final-check,2,3,0.0078125,0.0,20000,14768,0.7384,0.0031077760537078602,0.7329135045635851,1.007485870300182,1.4768,3,0,0,1280468.5972374612
ideal-n2-theta-pi32.json,ideal-projection,single-final-check,2,3,0.03125,0.0,20000,9513,0.47565,0.0035313388218917766,0.4721745017511571,1.0073606224731604,0.9513,3,0,0,893805.8542809468
ideal-n2-theta-pi8.json,ideal-projection,single-final-check,2,3,0.125,0.0,30000,5631,0.1877,0.002254393562209876,0.18604126622250347,1.0089159454306913,0.3754,3,0,0,820915.4597811436
ideal-n4-theta-pi128.json,ideal-projection,single-final-check,4,3,0.0078125,0.0,20000,10742,0.5371,0.0035257877843114724,0.5371622051716761,0.999884196670806,2.1484,5,0,0,1040445.3331309516
ideal-n4-theta-pi32.json,ideal-projection,single-final-check,4,3,0.03125,0.0,50000,11079,0.22158,0.001857322285442136,0.22294876010395345,0.9938606516433854,0.88632,5,0,0,661978.0874444771
ideal-n4-theta-pi8.json,ideal-projection,single-final-check,4,3,0.125,0.0,100000,3473,0.03473,0.0005789976433458084,0.034611352737672414,1.0034279868581515,0.13892,5,0,0,752562.4939936086
ideal-n8-theta-pi128.json,ideal-projection,single-final-check,8,3,0.0078125,0.0,20000,5811,0.29055,0.003210379241616168,0.2885432346648979,1.006954816796979,2.3244,10,0,0,256375.4583007365
ideal-n8-theta-pi32.json,ideal-projection,single-final-check,8,3,0.03125,0.0,100000,4989,0.04989,0.0006884837536209551,0.049706149631890184,1.0036987449132826,0.39912,10,0,0,257616.9069312106
ideal-n8-theta-pi8.json,ideal-projection,single-final-check,8,3,0.125,0.0,1000000,1220,0.00122,3.490718550671194e-05,0.0011979457383315838,1.0184100673033254,0.00976,10,0,0,311880.5024038161
