code,file,completed,mode,protocol,policy,N,M,theta,p,attempted,accepted,acceptance,standard_error,wilson_low,wilson_high,ideal,noise_survival,candidate_yield,physical_cnots,cnot_layers,physical_rotations,peak_active_width,shots_per_second
BB56,n8-theta-1e-2-strict-xz.json,True,full,single-final-check,strict-xz,8,3,0.01,0.001,10000,1567,0.1567,0.0036351768870303957,0.14970715926623746,0.16395649401506912,0.5008223143635933,0.31288541965052497,1.2536,736,20,24,24,37.950334028071055
BB56,n8-theta-1e-2-tmr-x.json,True,full,single-final-check,tmr-x,8,3,0.01,0.001,10000,2144,0.2144,0.004104054580533744,0.20646666758334598,0.22255267228598447,0.5008223143635933,0.42809594111724664,1.7152,736,20,24,24,38.22669605841418
BB56,n8-theta-pi128-strict-xz.json,True,full,single-final-check,strict-xz,8,3,0.02454369260617026,0.001,10000,891,0.0891,0.002848880306365994,0.08367292496749762,0.0948426448935244,0.2885432346648979,0.3087925457807979,0.7128,736,20,24,24,38.13014294680504
BB56,n8-theta-pi128-tmr-x.json,True,full,single-final-check,tmr-x,8,3,0.02454369260617026,0.001,10000,1247,0.1247,0.003303784345262263,0.11836845581012644,0.13131977336690343,0.2885432346648979,0.4321709366876038,0.9976,736,20,24,24,38.07074963710346
BB56,n8-theta-pi32-strict-xz.json,True,full,single-final-check,strict-xz,8,3,0.09817477042468103,0.001,30000,475,0.015833333333333335,0.0007207088845687254,0.01448148965129483,0.017309154894331463,0.049706149631890184,0.3185387210755724,0.12666666666666668,736,20,24,24,38.16879385870795
BB56,n8-theta-pi32-tmr-x.json,True,full,single-final-check,tmr-x,8,3,0.09817477042468103,0.001,30000,665,0.022166666666666668,0.0008500059912642882,0.02056084727660366,0.02389484219407124,0.049706149631890184,0.4459542095058014,0.17733333333333334,736,20,24,24,38.074656190032115
BB56,n8-theta-0-strict-xz.json,True,full,single-final-check,strict-xz,8,3,0.0,0.001,100000,30701,0.30701,0.001458611874008984,0.30415863190275894,0.30987619479043593,1.0,0.30701,2.45608,736,20,24,0,3247704.571661425
BB56,n8-theta-0-tmr-x.json,True,full,single-final-check,tmr-x,8,3,0.0,0.001,100000,43621,0.43621,0.0015682182115381775,0.433138857215999,0.43928604352890444,1.0,0.43621,3.48968,736,20,24,0,2248568.8063380555
BB56,n8-theta-1e-1-strict-xz.json,True,full,single-final-check,strict-xz,8,3,0.1,0.001,10000,148,0.0148,0.0012075164595151489,0.01261275780745284,0.01735987421145173,0.048026207871526824,0.3081650760266342,0.1184,736,20,24,24,38.11591157934621
BB56,n8-theta-1e-1-tmr-x.json,True,full,single-final-check,tmr-x,8,3,0.1,0.001,10000,215,0.0215,0.0014504395885385918,0.018835546721927495,0.024531939718810004,0.048026207871526824,0.44767223882247525,0.172,736,20,24,24,38.11273489917149
BB56,n8-theta-1e-3-strict-xz.json,True,full,single-final-check,strict-xz,8,3,0.001,0.001,10000,2687,0.2687,0.004432835548494891,0.26010183501626927,0.2774758026300056,0.8600933882716896,0.31240793577071657,2.1496,736,20,24,24,38.05029403763959
BB56,n8-theta-1e-3-tmr-x.json,True,full,single-final-check,tmr-x,8,3,0.001,0.001,10000,3783,0.3783,0.004849629985885521,0.36884334273404085,0.3878501224693818,0.8600933882716896,0.4398359586976632,3.0264,736,20,24,24,38.14883718793299
BB56,n8-theta-3p162e-2-strict-xz.json,True,full,single-final-check,strict-xz,8,3,0.03162277660168379,0.001,10000,715,0.0715,0.0025765820382824996,0.06661282455164069,0.07671626205202914,0.23124623135896602,0.309194228073753,0.572,736,20,24,24,38.021329819949344
BB56,n8-theta-3p162e-2-tmr-x.json,True,full,single-final-check,tmr-x,8,3,0.03162277660168379,0.001,10000,1034,0.1034,0.0030448060693581127,0.0975837861266544,0.10952080138096627,0.23124623135896602,0.4471424221374275,0.8272,736,20,24,24,38.22558803967344
BB56,n8-theta-3p162e-3-strict-xz.json,True,full,single-final-check,strict-xz,8,3,0.0031622776601683794,0.001,10000,2268,0.2268,0.004187621759423838,0.2186982259629457,0.235111590746792,0.7235977230041001,0.3134338221220673,1.8144,736,20,24,24,38.08835675004472
BB56,n8-theta-3p162e-3-tmr-x.json,True,full,single-final-check,tmr-x,8,3,0.0031622776601683794,0.001,10000,3233,0.3233,0.0046773615425793206,0.31420190151153493,0.33253380351266204,0.7235977230041001,0.4467952146916417,2.5864,736,20,24,24,38.101979836746736
BB56,n1-theta-1e-2-strict-xz.json,True,full,single-final-check,strict-xz,1,3,0.01,0.001,20000,5456,0.2728,0.003149445665510043,0.2666712690370509,0.279015992146843,0.9171924241007076,0.29742940830270814,0.2728,680,20,3,3,1722244.2286321884
BB56,n1-theta-1e-2-tmr-x.json,True,full,single-final-check,tmr-x,1,3,0.01,0.001,20000,7946,0.3973,0.0034601496354926616,0.39053857595991875,0.40410086824600516,0.9171924241007076,0.4331697357722359,0.3973,680,20,3,3,839383.9292298197
BB56,n1-theta-pi32-strict-xz.json,True,full,single-final-check,strict-xz,1,3,0.09817477042468103,0.001,20000,4064,0.2032,0.0028452571061329413,0.1976806390376437,0.20883335356525995,0.6871495483161996,0.2957143761469741,0.2032,680,20,3,3,1848830.19345212
BB56,n1-theta-pi32-tmr-x.json,True,full,single-final-check,tmr-x,1,3,0.09817477042468103,0.001,20000,5842,0.2921,0.003215412803980229,0.2858383096756803,0.29844153891644803,0.6871495483161996,0.42508941571127534,0.2921,680,20,3,3,2386856.7197971633
BB56,n2-theta-1e-2-strict-xz.json,True,full,single-final-check,strict-xz,2,3,0.01,0.001,20000,4965,0.24825,0.003054684414960079,0.24231165332736918,0.2542850368268794,0.8412419428277322,0.295099408816372,0.4965,688,20,6,6,2189900.501470001
BB56,n2-theta-1e-2-tmr-x.json,True,full,single-final-check,tmr-x,2,3,0.01,0.001,20000,7199,0.35995,0.00339400940997517,0.3533253428259241,0.36662844647339077,0.8412419428277322,0.4278792838004153,0.7199,688,20,6,6,1644148.9612981135
BB56,n2-theta-pi32-strict-xz.json,True,full,single-final-check,strict-xz,2,3,0.09817477042468103,0.001,20000,2746,0.1373,0.0024336054528209788,0.1325998218739464,0.1421394810811519,0.4721745017511571,0.2907823262179437,0.2746,688,20,6,6,1592700.2214291983
BB56,n2-theta-pi32-tmr-x.json,True,full,single-final-check,tmr-x,2,3,0.09817477042468103,0.001,20000,4050,0.2025,0.0028415994615708954,0.19698793987384017,0.20812632157954208,0.4721745017511571,0.42886686860257545,0.405,688,20,6,6,1650088.5072242036
BB56,n4-theta-1e-2-strict-xz.json,True,full,single-final-check,strict-xz,4,3,0.01,0.001,20000,4176,0.2088,0.002874043841001734,0.20322316178629726,0.21448868001277807,0.7076880063725774,0.29504527153180665,0.8352,704,20,12,12,1011509.611813745
BB56,n4-theta-1e-2-tmr-x.json,True,full,single-final-check,tmr-x,4,3,0.01,0.001,20000,6040,0.302,0.0032465058139482823,0.29567548604752814,0.3084005602306893,0.7076880063725774,0.42674172415040995,1.208,704,20,12,12,1052855.0131645722
BB56,n4-theta-pi32-strict-xz.json,True,full,single-final-check,strict-xz,4,3,0.09817477042468103,0.001,20000,1324,0.0662,0.0017580893037613305,0.06283683745750634,0.06972977302477001,0.22294876010395345,0.296929213551729,0.2648,704,20,12,12,931100.9069214098
BB56,n4-theta-pi32-tmr-x.json,True,full,single-final-check,tmr-x,4,3,0.09817477042468103,0.001,20000,1889,0.09445,0.0020679603175593093,0.0904743934397009,0.09858136700540557,0.22294876010395345,0.4236399428997101,0.3778,704,20,12,12,905736.0656466894
BB56,ideal-n1-pi128.json,True,ideal-projection,single-final-check,tmr-x,1,3,0.02454369260617026,0.0,20000,17246,0.8623,0.0024365827504929938,0.8574547626384511,0.8670060880352953,0.8561036762936981,1.0072378192944194,0.8623,0,0,3,2,1564349.4808482784
BB56,ideal-n1-pi32.json,True,ideal-projection,single-final-check,tmr-x,1,3,0.09817477042468103,0.0,20000,13875,0.69375,0.0032593015931331056,0.6873251843165349,0.7001004017117245,0.6871495483161996,1.0096055534053312,0.69375,0,0,3,2,1931043.3971138145
BB56,ideal-n1-pi8.json,True,ideal-projection,single-final-check,tmr-x,1,3,0.39269908169872414,0.0,20000,8573,0.42865,0.003499351207724083,0.4218057443296394,0.4355216592155667,0.4313250122848239,0.9937981517217057,0.42865,0,0,3,2,924575.1460899053
BB56,ideal-n2-pi128.json,True,ideal-projection,single-final-check,tmr-x,2,3,0.02454369260617026,0.0,20000,14728,0.7364,0.003115405591572307,0.7302489374685821,0.7424602678840917,0.7329135045635851,1.0047570353318718,1.4728,0,0,6,3,1669086.562738034
BB56,ideal-n2-pi32.json,True,ideal-projection,single-final-check,tmr-x,2,3,0.09817477042468103,0.0,20000,9555,0.47775,0.0035320315506801466,0.47083228158346097,0.48467626402103575,0.4721745017511571,1.01180813074015,0.9555,0,0,6,3,2065281.9167347006
BB56,ideal-n2-pi8.json,True,ideal-projection,single-final-check,tmr-x,2,3,0.39269908169872414,0.0,30000,5597,0.18656666666666666,0.002249144619298305,0.18219865333024243,0.1910149391422205,0.18604126622250347,1.002824107010403,0.3731333333333333,0,0,6,3,908851.7963555506
BB56,ideal-n4-pi128.json,True,ideal-projection,single-final-check,tmr-x,4,3,0.02454369260617026,0.0,20000,10666,0.5333,0.0035276841553631188,0.5263801322618438,0.5402070781368196,0.5371622051716761,0.9928099834007462,2.1332,0,0,12,5,1475255.5730361124
BB56,ideal-n4-pi32.json,True,ideal-projection,single-final-check,tmr-x,4,3,0.09817477042468103,0.0,50000,11142,0.22284,0.0018610875014356525,0.219213705832989,0.22650887884433507,0.22294876010395345,0.9995121744390831,0.89136,0,0,12,5,1899250.895914313
BB56,ideal-n4-pi8.json,True,ideal-projection,single-final-check,tmr-x,4,3,0.39269908169872414,0.0,100000,3443,0.03443,0.0005765810879659513,0.033317686026409235,0.03557808195924135,0.034611352737672414,0.9947603106111764,0.13772,0,0,12,5,845550.3376412056
BB56,ideal-n8-pi128.json,True,ideal-projection,single-final-check,tmr-x,8,3,0.02454369260617026,0.0,20000,5872,0.2936,0.003220240984771171,0.2873285614750989,0.29995071100886117,0.2885432346648979,1.0175251564673655,2.3488,0,0,24,13,57645.688459259836
BB56,ideal-n8-pi32.json,True,ideal-projection,single-final-check,tmr-x,8,3,0.09817477042468103,0.0,100000,5127,0.05127,0.0006974337753507498,0.04992020961188381,0.052654264620134984,0.049706149631890184,1.0314619092343957,0.41016,0,0,24,13,48206.704192727986
BB56,ideal-n8-pi8.json,True,ideal-projection,single-final-check,tmr-x,8,3,0.39269908169872414,0.0,1000000,1248,0.001248,3.5304992508142525e-05,0.0011806930277461544,0.0013191388280734072,0.0011979457383315838,1.041783413110287,0.009984,0,0,24,13,57778.29378868498
